file,mean_dchg_cap_Ah,delta_dchg_cap_Ah,mean_chg_cap_Ah,delta_chg_cap_Ah,mean_coul_eff,delta_coul_eff,mean_v_dis_avg,delta_v_dis_avg,mean_v_chg_avg,delta_v_chg_avg,mean_t_dis_h,delta_t_dis_h,mean_t_chg_h,delta_t_chg_h,mean_i_dis_A,delta_i_dis_A,mean_i_chg_A,delta_i_chg_A,mean_energy_dis_Wh,delta_energy_dis_Wh,mean_polarization_V,delta_polarization_V,slope_cap_per100,slope_energy_per100,slope_polar_per100,health_score,label_score,label_gmm,label
./data/2025-06-11 MSE supplies Gra NMC811 Gen2 1_1_4_2025-06-19 16-25-02_good.xlsx,0.0013287357142857145,-0.00035311999999999995,0.0022204714285714287,-0.00028990000000000005,0.5988983985658555,-0.08788224685148788,3.5998233196051173,-0.16347888273584665,3.8724069200982174,0.03721896220852239,0.2243373015873011,1.1639166666666634,1.6220436507936513,-0.21172222222222992,0.0012527380594377288,-0.00038539035749104674,0.001368922166238467,-4.0655588314083765e-08,0.00527018158866716,-0.0025104970336466406,0.27258360049309976,0.20069784494436904,-0.0037833928571428554,-0.027335319544885456,2.220012989060786,-2.1948589580787297,bad,good,bad
./data/2025-06-11 MSE supplies Gra NMC811 Gen2 2_1_6_2025-06-19 16-25-23_good.xlsx,0.0013792275,,0.00220676,-0.0005217999999999998,0.6146822739952482,,3.6184472038032793,,3.8745923669926454,0.03125963917870589,0.0481875,,1.6124666666666658,-0.38119444444444994,0.001295455167871443,,0.0013685595416823137,-7.703150080242034e-08,0.005563095707385595,,0.25700978115475603,,-3.000000000205766e-07,-0.004710562924342031,1.964193074263167,-1.1427121714061743,bad,good,bad
./data/2025-06-11 MSE supplies Gra NMC811 Gen2 3_2_2_2025-06-19 16-25-48_good.xlsx,0.0013791825,,0.0021965599999999997,-0.0004883999999999999,0.6156747738812335,,3.637396876876877,,3.851830171779396,-0.00033065410199561995,0.052944444444444426,,1.6048722222222218,-0.35680555555555005,0.001300844826418856,,0.0013686559107353412,-5.249907612738143e-08,0.005638292268692862,,0.21917933216554952,,-1.0000000000069197e-07,0.0012750371713158026,0.9577782942488235,-0.6269703073342963,bad,good,bad
./data/2025-06-11 MSE supplies Gra NMC811 XFC 1_2_3_2025-06-19 16-25-02 _good.xlsx,0.0013791814285714287,0.0,0.002143942857142857,-0.0005565000000000001,0.6475019737236218,0.15315243884100482,3.6134412055283103,-0.08874998198522777,3.8718725237618083,0.07534175867866155,0.02620238095238096,-0.07488888888888892,1.5663769841269846,-0.40644444444443995,0.0012693277155607036,-9.91932218905216e-05,0.0013687156296091434,-8.165212649936804e-08,0.0056010453820122905,-0.00015623859991443449,0.2584313182334978,0.16409174066388932,-7.142857141948062e-08,-0.002838366209903473,2.506547447784206,-1.2584229910459181,bad,good,bad
./data/2025-06-11 MSE supplies Gra NMC811 XFC 1_2_3_2025-06-19 16-26-11_good.xlsx,0.0013791825,,0.00218644,-0.0006103,0.6158160393540826,,3.636034592227274,,3.8604967629306755,0.05096599044578509,0.04398611111111113,,1.5974166666666663,-0.44577777777776983,0.001292136670790278,,0.0013687247093819067,-6.448217793986015e-08,0.005643840635963528,,0.22293307066986212,,-1.0000000000069197e-07,-0.005684246638304074,3.393170496079692,-1.5008842340057864,bad,good,bad
./data/2025-06-11 MSE supplies Gra NMC811 XFC 2_2_4_2025-06-19 16-25-02_bad.xlsx,0.0009874114285714287,-0.00033496999999999997,0.0018653142857142859,-0.0012801000000000002,0.5425159345028614,0.1329145201372668,3.4686650191420036,-0.050790553042241005,3.893020015318494,0.08608431212976386,2.77777777777778e-05,0.0,1.3620674603174614,-0.93469444444444,0.0013380742354769575,0.00012490753133736587,0.0013694396634058917,-4.408426008766474e-08,0.004028555180046815,-0.001183746969188047,0.42435499617649025,0.13687486517200487,-0.006643464285714272,-0.023449518085743696,1.6477364475595355,-3.6654889164373707,bad,good,bad
./data/2025-06-11 MSE supplies Gra NMC811 XFC 3_2_5_2025-06-19 16-25-02_good.xlsx,0.0012236071428571428,-0.00035024000000000014,0.0019884142857142855,-0.0007127999999999998,0.6162473915576505,0.03823711016292919,3.5743985587824416,-0.056959778773783665,3.906726412751,0.08267355742296889,0.009269841269841265,-0.04136111111111112,1.4521190476190473,-0.5205,0.0012801678421019119,3.330527736152239e-05,0.001369291507221399,-4.5081519787180946e-08,0.004970514938524886,-0.0012129439623425001,0.3323278539685591,0.13963333619675256,-0.0070680714285714106,-0.02602602606777269,2.552305924626637,-3.148063822085152,bad,good,bad
./data/2025-06-25 GraSi NMC811 LP57 1_5_5_2025-06-25 18-08-00_good.xlsx,0.0018705363636363633,-0.00099407,0.0033952827272727276,-0.00274112,0.5722969765398145,0.1588040241600298,3.4601755326724986,0.03899563901845715,3.8846791978755912,0.16975783427842517,1.249974747474748,-1.195277777777782,1.7414393939393944,-1.058055555555558,0.0014720101336099614,0.00041839565456664287,0.0024021429781289193,-1.8172006823044193e-07,0.006741260773586518,-0.002897047366226672,0.4245036652030913,0.13076219525996802,-0.00018244391337843592,-0.000488991897469623,0.020321836508313897,1.8063794553030117,good,good,good
./data/2025-06-25 GraSi NMC811 LP57 2_5_6_2025-06-26 12-34-47_good.xlsx,0.0012444746666666665,-0.00181774,0.002054541333333333,-0.00370005,0.5614939549725779,-0.07757170282550352,3.295935621566301,-0.45286016815374097,3.9440796063591557,0.14286814746774645,0.5279814814814814,-0.8819444444444442,1.0034444444444441,-1.4283333333333368,0.0019082456835462778,0.0013881069015099527,0.0024522842910141953,-3.110642561934829e-08,0.004596584619545582,-0.0064164548897863855,0.6481439847928553,0.5957283156214874,-0.0002827153917351698,-0.0009972595710319835,0.08188261026128316,-1.109568031968068,bad,good,bad
./data/2025-06-25 GraSi NMC811 LP57 3_5_7_2025-06-26 12-35-11_bad.xlsx,0.0012040793333333332,-0.0018127299999999998,0.0020855799999999996,-0.00381115,0.5619056554028684,0.0322450832135277,3.285426644723764,-0.40103146198830375,3.9831104966784454,0.23775778521884705,0.6245370370370364,-0.6444444444444442,1.0529259259259252,-1.47111111111111,0.0019171464958720329,0.0010380700701754383,0.0024524500321282377,-3.6854341066774876e-08,0.004400838564601481,-0.0064350431315881975,0.6976838519546813,0.6387892472071508,-0.00027794623054085924,-0.0009868477274770312,0.08565608595770866,-1.1809423190862074,bad,good,bad
./data/2025-06-25 GraSi NMC811 LP57 4_5_8_2025-06-26 12-36-09_good.xlsx,0.001993531,-0.00054375,0.004053946,-0.00274545,0.5233585548195212,0.29699092684500605,3.5243291758957653,0.15818646108581103,3.8773763086374635,0.18852818686843742,1.7430000000000008,-1.632777777777782,2.027,-1.0597222222222211,0.0013656961804800977,0.00028577316873746716,0.002383204356984904,-2.833152003690713e-07,0.007246172583639021,-0.0013170046991616557,0.35304713274169836,0.030341725782626394,2.6179927684189573e-05,0.0003414677881489769,-0.016601996250890087,2.9000236538003437,good,good,good
./data/2025-06-25 GraSi NMC811 LP57 CPCN 1_6_1_2025-06-25 18-08-00_bad.xlsx,0.001935037142857143,1.4000000000003593e-07,0.0046618,-0.0019379499999999995,0.4293339164456644,0.19570264995775088,3.3976217767061,-0.03136087634653606,4.001193836817518,0.04487505091649702,0.8356349206349207,-0.606944444444449,1.7994444444444457,-0.7480555555555499,0.001462841769942673,5.016961049699093e-05,0.0025906897489886955,2.8325919176636766e-08,0.006728986412054223,0.00017835343300708073,0.6035720601114173,0.07623592726303308,3.6071428571518087e-06,0.0023530095409955414,1.9730873050038664,0.7996296079449203,good,good,good
./data/2025-06-25 GraSi NMC811 LP57 CPCN 2_6_2_2025-06-25 18-08-00_bad.xlsx,0.00155403875,-0.0018626200000000002,0.00284603375,-0.00479205,0.581490749901391,0.27565895215080355,3.2541836202642513,-0.5069347223552709,4.047565547947993,-0.05491472262892394,0.10482638888888884,-0.5594444444444441,1.0985763888888889,-1.8497222222222232,0.0016243412883520055,0.0005619821723025838,0.002590656170922669,-1.5644216691187984e-08,0.0054996529450572,-0.006396908294899719,0.7933819276837422,0.452019999726347,-0.001763984308562954,-0.006267847379893352,0.3849482447199708,-1.2782704136236345,bad,good,bad
./data/2025-06-25 GraSi NMC811 LP57 CPCN 3_6_3_2025-06-25 18-08-00_bad.xlsx,0.0002126122222222222,0.00028788,0.0011363233333333332,-1.781999999999999e-05,0.5654172242981071,0.5634442880344694,2.9016970802246056,0.3077821364902502,3.8957614397611144,0.10223891217774073,0.12966049382716052,0.959166666666667,0.5285493827160495,0.8022222222222231,0.0018955578543369263,-0.0016567731565459614,0.002360278969539961,-0.002072426625445399,0.0007208710182641047,0.000944043627783195,0.9940643595365083,-0.2055432243125095,0.00010325569760019321,0.00031126911011975563,0.01705668136730448,-5.075644960023107,bad,good,bad
./data/2025-06-25 GraSi NMC811 LP57 DFEC 1_6_1_2025-06-25 18-08-00_bad.xlsx,0.0015866176923076923,-0.00140392,0.0028408730769230776,-0.0034413699999999996,0.5982616141036652,0.11982654650614483,3.431324411569048,-0.16905446148432723,3.938095709960735,0.08170850762527282,0.8417948717948716,-1.0988888888888921,1.369551282051282,-1.328333333333334,0.001599614609757903,0.0006638818739798061,0.0024312933524684036,8.75816993581302e-10,0.005860840012799551,-0.004576799137620853,0.5067712983916876,0.25076296910960005,-0.0002124685677899967,-0.0007059985929740915,0.028467993615938245,0.48502357083547787,good,good,good
./data/2025-06-25 GraSi NMC811 LP57 DFEC 2_6_2_2025-06-25 18-08-00_good.xlsx,0.002096415,1.0000000000005664e-07,0.003644423,-0.0015127299999999999,0.5909348764771485,0.23907245984932118,3.4655966710043993,0.07767607733323079,3.892797879332835,0.07006015151515088,1.3419722222222226,-0.8980555555555559,1.9374722222222218,-0.58388888888889,0.0014239698068962124,0.0001297991757259584,0.0023834151183414905,-4.1183654729114866e-08,0.007566824971573996,0.0004737630546321151,0.42720120832843583,-0.007615925818079905,0.0002191565634329418,0.0008950308279907104,-0.037990527297273174,2.665496122234679,good,good,good
./data/2025-06-25 GraSi NMC811 LP57 DFEC 3_6_3_2025-06-25 18-08-00_bad.xlsx,0.00182331,-0.0010917600000000002,0.00357039,-0.0032966299999999996,0.5633695814049854,0.19921758779194276,3.4492128306510055,-0.16758907886153684,3.887609094735305,0.096357524824489,1.5304797979797966,-1.5966666666666622,1.7827777777777791,-1.272500000000004,0.0014478459528996248,0.0005744992884894886,0.0024021645774153426,-1.1099582569035205e-07,0.006548603531601235,-0.003612849638889403,0.43839626408429894,0.26394660368602585,-0.0001929555344998581,-0.0005751751778649571,0.05995796052500666,1.9462129259221006,good,good,good
./data/2025-06-25 GraSi NMC811 LP57 LiDFP 1_6_4_2025-06-25 18-08-00_bad.xlsx,0.0013239799999999998,-0.00188493,0.002621636666666667,-0.00531076,0.5325765392663949,0.17157069142518994,3.278198033043513,-0.6124691482414399,3.9723204179785245,0.14312035809018608,0.9554629629629628,-1.5780555555555522,1.2975555555555554,-2.050000000000001,0.0018419989399173892,0.0012626441785614322,0.002452411774454618,-1.0082891246671749e-07,0.004779015209455813,-0.006805972124709584,0.6941223849350114,0.755589506331626,-0.0003007843760141671,-0.001073523339192661,0.099531166316703,-0.4899684075498175,bad,good,bad
./data/2025-06-25 GraSi NMC811 LP57 LiDFP 2_6_5_2025-06-25 18-08-00_bad.xlsx,0.0019348542857142857,8.999999999989919e-08,0.004864742857142858,-0.00273537,0.4092971657704942,0.20309613371294105,3.4713678024129173,-0.011112253511086134,3.97199873187313,0.02440152858881195,0.8472222222222217,-0.629166666666662,1.8778968253968258,-1.05583333333334,0.0015119220898596622,7.692878277607484e-05,0.0025905234150973714,-1.015924262770529e-07,0.007003906021857377,0.0001953838259909895,0.5006309294602128,0.035513782099898084,2.3214285714353443e-06,0.003503173081126759,0.44730201749438653,1.5076417915277907,good,good,good
./data/2025-06-25 GraSi NMC811 LP57 LiDFP 3_6_6_2025-06-25 18-08-00_good.xlsx,0.002188627777777778,0.0022847200000000005,0.0041882544444444446,-0.0005947000000000001,0.5325276720334707,0.6318490581089009,3.4828820100045648,0.15540939094113027,3.8571753471364008,-0.020142469160576493,2.0076234567901245,6.61,2.3050308641975334,5.96416666666666,0.0013444293577009945,-0.0008970845344907107,0.002360134908358217,-0.0020723538018138543,0.00770415197359599,0.008591778910863502,0.37429333713183627,-0.17555186010170676,0.0009716038334799783,0.0036901344633648385,-0.06621061173827945,3.815190165396411,good,good,good
./data/2025-06-25 GraSi NMC811 LP57 TXFC 2_8_7_2025-07-03 17-10-45_bad.xlsx,2.6e-06,0.0,2.592e-06,2.88e-06,1.4083333333333334,-2.888888888888889,1.922629,-0.3351550000000001,3.8708306666666665,-0.9509666666666665,0.000277777777777778,0.0,0.0009999999999999996,0.001111111111111112,0.0040840238,0.0007256830000000013,0.0025906422,-4.999999999970306e-09,3.2784464628888916e-06,7.040380722222225e-07,1.9482016666666664,-0.6158116666666664,-2.1720207195879404e-20,1.0856442690277747e-05,-11.60083333333334,-4.015457515243526,bad,bad,bad
./data/2025-06-25 GraSi NMC811 LP57 TXFC 3_8_8_2025-07-03 17-11-01_bad.xlsx,2.6e-06,0.0,2.448e-06,2.16e-06,1.4444444444444444,-2.7083333333333335,1.9094280000000001,-0.5693599999999999,3.8927600000000004,-1.4056799999999998,0.000277777777777778,0.0,0.0009444444444444436,0.000833333333333332,0.003938620800000001,2.1999999999695874e-08,0.0025904548,1.5399999999960584e-07,3.2207571955277803e-06,-4.459105104166674e-07,1.9833320000000003,-0.83632,-2.1720207195879404e-20,-1.1948533236111148e-05,-16.034399999999994,-2.8169856358948366,bad,bad,bad
./data/2025-06-25 GraSi NMC811 LP57 XFC15 1_6_7_2025-06-25 18-08-00_bad.xlsx,0.001116854,-0.00191841,0.002340922666666667,-0.00485233,0.5227121264767506,0.0692545148874199,3.1071907213897796,-0.9723939745627974,3.9920190973252883,0.3113302785923757,1.0707407407407403,-1.7499999999999967,1.196333333333333,-1.873055555555559,0.0017095771743383683,0.0011478224252782195,0.0024523495593090036,-1.7157258064498873e-07,0.003956841310523507,-0.007684993592212914,0.8848283759355084,1.2837242531551731,-0.0002849189355989838,-0.0010208785377216875,0.1756753158727378,-1.2737920980364676,bad,good,bad
./data/2025-06-25 GraSi NMC811 LP57 XFC15 2_6_8_2025-06-25 18-08-00_good.xlsx,0.002074898888888889,0.00126104,0.0043767400000000005,-0.0015906700000000002,0.49400326837126624,0.6136051612008296,3.5186363704057695,0.2446732212027518,3.856395574353773,0.05420170983874417,2.045370370370371,4.52777777777778,2.2247530864197533,4.20305555555556,0.001317368801105793,-0.0008851547026755805,0.0023602481255541475,-0.0020724524494104613,0.007551770030028552,0.004691054606154167,0.3377592039480037,-0.19047151136400764,0.0005362842675499886,0.002077095297718084,-0.07663572411816387,3.6032135695313237,good,good,good
./data/2025-06-25 GraSi NMC811 LP57 XFC15 3_4_5_2025-07-03 17-09-08_bad.xlsx,0.0019350342857142858,-6.000000000007735e-08,0.005775925714285714,-0.0004973399999999998,0.3401022590877375,0.033709683812854996,3.426134402513837,-0.12061753089117078,3.985042100427094,0.12661993995456022,1.1415476190476193,-0.9458333333333291,2.229484126984127,-0.19194444444445025,0.0014442272198672366,4.543588649770589e-05,0.0025906998408187242,-3.61272855129921e-08,0.0067635152101047395,-0.00016504940897641741,0.5589076979132571,0.247237470845731,-4.999999999981812e-07,-0.001372985702626013,4.574465969150232,0.39102803215517756,good,good,good
./data/2025-06-25 GraSi NMC811 XFC-1 1_6_5_2025-06-25 18-08-00_bad.xlsx,0.0017232644444444443,8.628999999999993e-05,0.003647773333333333,-0.00107588,0.504567005874545,0.1981442965235013,3.292839130541248,-0.14332717943217643,4.019863704751362,0.17039189214085404,0.9242283950617289,2.997777777777782,1.924135802469137,4.22888888888889,0.001454553017491352,-0.0009359921553069115,0.0023602580617182326,-0.0020724431818029557,0.00596139955529679,-0.00012735385790388007,0.727024574210115,0.3137190715730305,-0.000271207382295602,-0.0011461956076643145,0.1949554738714718,0.49244813046593794,good,good,good
./data/2025-06-25 GraSi NMC811 XFC-1 2_6_6_2025-06-25 18-08-00_bad.xlsx,0.00133427875,-0.00180317,0.00252559,-0.00348988,0.5592934354415822,0.041109106887583735,3.273393758816204,-0.4002970017672096,3.9732299229596535,0.16045072649572623,0.21187499999999998,-0.6597222222222222,0.9750000000000006,-1.3472222222222245,0.0017446035634037416,0.0009317650636597318,0.002590352241856059,-1.1149572649556475e-07,0.004787188014099811,-0.006196248180607923,0.6998361641434498,0.5607477282629358,-0.0014857327916231618,-0.005268767596256869,0.4217324245547387,-1.639017571696581,bad,good,bad
./data/2025-06-25 GraSi NMC811 XFC-1 3_6_7_2025-06-25 18-08-00_bad.xlsx,0.00169836625,-0.00189169,0.0033598699999999996,-0.00414056,0.5290651596897376,0.22660679883417706,3.3568097839252085,-0.6883586925925926,3.9180622714656868,0.18251237416756982,0.7155902777777783,-1.0358333333333367,1.296979166666666,-1.5983333333333334,0.0016036536547357012,0.000742330234814815,0.0025905251279715776,-1.0340096019819875e-07,0.006085963207735277,-0.006716281197993462,0.5612524875404782,0.8708710667601625,-0.00194372395478687,-0.006995118882550069,0.8678306205002376,-0.06765981760274245,bad,good,bad
./data/2025-06-25 GraSi NMC811 XFC-1 4_6_8_2025-06-25 18-08-00_bad.xlsx,0.0014233766666666666,0.0012507399999999998,0.0022342100000000004,-0.00107931,0.6363968768682727,0.6511308355541933,3.286480756347265,0.20210324878909214,3.990509141581759,0.1257700204659704,0.8416666666666669,5.3802777777777795,1.3354320987654316,3.8400000000000003,0.0016389677101487782,-0.0009381563800851953,0.002360205112259559,-0.002072406065631177,0.005147463095317873,0.004643075044524029,0.7040283852344954,-0.07633322832312173,0.0005382809378396558,0.0018487250280203953,-0.019830903090092784,-0.13556093040284725,bad,good,bad
./data/2025-07-09 GraSi NMC811 LP57 1_4_1_2025-07-09 18-00-28_good.xlsx,0.0019355,0.0,0.004403814285714286,-0.0002298000000000005,0.43961187342826763,0.022796469341316572,3.493164529704231,-0.0001823556113342839,3.8434121630034013,-0.002144168775096489,1.401019841269843,-0.16555555555556012,1.6997261904761884,-0.08866666666667,0.0014152670684443684,2.0108302472954037e-05,0.002590913568853909,-6.689410547234056e-08,0.006706006177641436,2.2914232767574927e-05,0.35024763329917086,-0.001961813163762205,1.8266877868041118e-17,0.000858405591419469,-0.02678553543933295,2.2012161076105348,good,good,good
./data/2025-07-09 GraSi NMC811 LP57 2_4_2_2025-07-09 18-00-45_good.xlsx,0.0019355999999999996,0.0,0.0045332714285714285,-0.00014319999999999958,0.4270120352091445,0.013405489676659776,3.490774982396823,0.00130691693378715,3.843119712584017,-0.0001428489049870585,1.5324960317460328,-0.0679722222222201,1.749623015873016,-0.05527777777776999,0.001405261928936339,7.574016280581476e-06,0.0025909989954219954,-1.315787502911836e-08,0.006850957532349776,-0.00013417753681445495,0.3523447301871939,-0.0014497658387742085,1.51576190145733e-17,-0.0019787277920458616,-0.04730428956655603,2.3367104633013414,good,good,good
./data/2025-07-09 GraSi NMC811 LP57 3_4_3_2025-07-09 18-03-38_good.xlsx,0.0019353714285714285,-1.0000000000005664e-07,0.004565728571428571,-0.0001404000000000006,0.4239253086093945,0.012949107442074947,3.4907993587882347,0.0018235944115918556,3.8421743497483356,0.00024933623091305535,1.563392857142857,-0.0719722222222201,1.7622222222222201,-0.05416666666667003,0.001401628686413191,8.051646360579881e-06,0.0025908937724044225,-3.508820720782291e-08,0.006925398392652595,-0.00016148335622296651,0.35137499096010133,-0.0015742581806788003,-1.4285714285622798e-06,-0.0027621316929967547,-0.03444576435509489,2.377898926298755,good,good,good
./data/2025-07-09 GraSi NMC811 LP57 DFEC 1_4_4_2025-07-09 18-04-12_bad.xlsx,0.0019355285714285713,0.0,0.0037624857142857142,-0.0008593999999999997,0.5187793578283494,0.12379364418343042,3.463941976026986,0.030785166684194287,3.9316447278943194,0.10371816403109113,0.6479325396825396,-0.286,1.4521825396825416,-0.3316666666666701,0.0015303609435059695,1.7611679286287651e-06,0.0025909185510194868,-3.807022246060665e-08,0.007063109976596391,0.00010345264942666563,0.4677027518673333,0.07293299734689684,-1.0714285714119553e-06,0.0018247455130525698,0.9412847324731648,1.1417169961686495,good,good,good
./data/2025-07-09 GraSi NMC811 LP57 DFEC 2_4_5_2025-07-09 18-04-26_good.xlsx,0.0019356142857142858,0.0,0.004262599999999999,-0.00027699999999999947,0.45427058387837566,0.029186251122097107,3.45305205476416,-0.001650352099665131,3.8692639491173657,0.003799207292794815,1.2582341269841257,-0.15930555555554982,1.6450833333333328,-0.10688888888887993,0.0014394081561299467,2.1614217013751465e-05,0.0025911114611426003,-4.905587366096226e-08,0.006786905402000056,-6.036998982494879e-06,0.4162118943532063,0.005449559392459946,7.142857142965238e-07,4.761821369197903e-05,0.08485234321967444,1.9425705163564486,good,good,good
./data/2025-07-09 GraSi NMC811 LP57 DFEC 3_4_6_2025-07-09 18-04-40_bad.xlsx,2e-07,0.0,7.5e-08,0.0,2.3333333333333335,0.0,-3.931351111111111,0.4246555555555558,4.7582249999999995,-0.3003,2.083333333333335e-05,-2.77777777777778e-05,2.77777777777778e-05,0.0,0.0033283600000000003,0.00032225999999999956,0.00199455,1.0999999999999725e-06,4.4441708833333365e-07,-5.118631291666672e-08,8.68957611111111,-0.7249555555555558,1.0134368906437181e-20,-1.3384449888888667e-06,-13.204866666666899,-12.764536555045744,bad,bad,bad
./data/2025-07-09 GraSi NMC811 LP57 LiDFP 1_4_7_2025-07-09 18-05-14_bad.xlsx,0.0019354857142857144,-9.99999999998398e-08,0.004500171428571428,-0.0019142000000000004,0.44052976096774316,0.1861720447254327,3.4785647503894026,-0.03276446334468641,3.9156751745593916,0.01308360049385815,1.0464563492063486,-0.9616111111111101,1.7367619047619043,-0.7386666666666701,0.0014728429897641574,0.0001297627857765847,0.0025911188169890067,-7.77016932280647e-08,0.006953784855047417,0.00031122417213220923,0.43711042416998863,0.04584806383854456,-1.0714285714113603e-06,0.006266893153243197,0.6206889514846389,1.7895922948174257,good,good,good
./data/2025-07-09 GraSi NMC811 LP57 LiDFP 2_4_8_2025-07-09 18-05-30_bad.xlsx,0.0019356857142857145,-1.0000000000005664e-07,0.004535028571428572,-0.0017394999999999997,0.4321139089722652,0.14271553646621238,3.4725181662711813,-0.02674553380573297,3.860816424357285,-0.0833448531469756,1.2925476190476186,-0.48213888888889,1.7502499999999999,-0.6713055555555498,0.0014355911837717653,6.272155706663562e-05,0.0025910807697484034,-8.032703005230249e-08,0.0068524847305505435,-6.214180660914226e-05,0.38829825808610446,-0.05659931934124263,-1.0714285714175788e-06,0.00035813141161661143,-0.6858297528452081,2.265263306114973,good,good,good
./data/2025-07-09 GraSi NMC811 LP57 LiDFP 3_6_1_2025-07-09 18-05-44_bad.xlsx,3.0000000000000004e-07,0.0,1.4285714285714285e-07,1e-07,2.1666666666666665,-1.5,-5.379058333333333,-0.031449999999998646,4.273007142857142,-1.0248999999999997,2.77777777777778e-05,0.0,0.0004999999999999993,0.0002222222222222222,0.003973983333333333,-0.00020842000000000083,0.0013907642857142858,-0.00113005,7.708033522685191e-07,2.372524444444366e-09,9.530999999999999,-0.9934500000000028,1.0257144601036391e-21,3.303855555555521e-08,-15.37135714285709,-13.84915233825524,bad,bad,bad
./data/2025-07-09 GraSi NMC811 XFC 15 1_6_5_2025-07-09 18-06-54_good.xlsx,0.0019355,0.0,0.004507242857142857,-0.00016850000000000025,0.42947431487459403,0.015795099147944414,3.4728073738565963,-0.0024007733867534853,3.862220086756119,-0.006277693892072556,1.4824126984127,-0.044194444444439984,1.739492063492063,-0.06497222222221999,0.0014111147380148838,5.2398263825656575e-06,0.0025911203231407227,-3.004980713827016e-08,0.006742049536684401,2.92997275127653e-05,0.3894127128995226,-0.0038769205053190703,1.8266877868041118e-17,0.0003494850449014002,-0.0721680841105653,2.2643258355970564,good,good,good
./data/2025-07-09 GraSi NMC811 XFC 15 2_6_6_2025-07-09 18-07-08_bad.xlsx,0.0012468527272727272,-0.0019345,0.003556937272727273,-0.0072425,0.46348158269669726,0.37986575873274686,3.12124283158075,-1.1612198203592818,4.018678829312243,0.050323412698412895,0.6440606060606059,-1.0689722222222222,2.403540404040405,-2.7949444444444436,0.0019266494465428178,0.0024707220558882236,0.0024026103421696003,-9.837301587303261e-07,0.0044195141135045584,-0.006951098754304044,0.897435997731493,1.2115432330576947,-0.0004331835098469819,-0.0015575920748684036,0.2809886215940117,-1.4392577008913277,bad,good,bad
./data/2025-07-09 GraSi NMC811 XFC 15 3_6_7_2025-07-09 18-07-22_bad.xlsx,0.0009816753333333332,-0.0019343,0.002061956666666666,-0.0051185,0.5038161939619881,0.10204647529779332,3.0987072425560416,-0.7907923888404538,3.8904875476270724,-0.06044586255259565,0.6380092592592591,-1.4707777777777822,0.9463481481481479,-1.9753055555555579,0.0024405349572166526,0.0025247201046207507,0.0024525771498405255,-1.0220196353439605e-06,0.0034520412338162622,-0.006751634357679146,0.7917803050710303,0.7303465262878581,-0.00028171755729249943,-0.0009963773134610678,0.1044082109426596,-2.0847989578027466,bad,good,bad
./data/2025-07-09 GraSi NMC811 XFC 1_6_2_2025-07-09 18-06-07_bad.xlsx,0.001935657142857143,0.0,0.004011314285714286,-0.0012545999999999994,0.48657823127547556,0.14129424204685204,3.4486288859246947,-0.037919553355652,3.8824300543550683,-0.012940935328813907,0.8951587301587304,-0.7759999999999971,1.547888888888887,-0.48411111111112004,0.0014994416992462566,0.00013730072432513864,0.0025914766793464087,5.296458332679221e-09,0.006924309786058414,0.0002463555790766514,0.43380116843037414,0.024978618026838095,-1.071428571423406e-06,0.0031248554687360267,0.5433676446940923,1.5240355427020846,good,good,good
./data/2025-07-09 GraSi NMC811 XFC 2_6_3_2025-07-09 18-06-22_good.xlsx,0.0019357999999999999,0.0,0.004467657142857143,-0.0002660000000000006,0.4334214637040971,0.025495863678578812,3.470473126650621,-0.004136291313944884,3.8558042478581993,-0.0055983172684612725,1.438380952380953,-0.1592499999999999,1.7241507936507945,-0.10266666666667001,0.0014165175319064756,1.907810558861604e-05,0.0025912212614835973,3.764126886964328e-08,0.00677099152913878,-5.7887185197625854e-05,0.38533112120757895,-0.0014620259545163883,1.8877963077543436e-17,-0.00019657431571887688,-0.04708559230927691,2.206168485286121,good,good,good
./data/2025-07-09 GraSi NMC811 XFC 3_6_4_2025-07-09 18-06-36_bad.xlsx,0.000923218,-0.0019353,0.0021439653333333334,-0.0051455,0.45618428712171205,0.07841363936650136,3.0440681168906716,-0.9056786222222222,3.9417225197517687,-0.026633100558659528,0.3889407407407408,-1.4092222222222222,1.0150500000000002,-1.9856666666666634,0.0024506071291724696,0.002517109022222222,0.002452652329517398,-1.417737430167796e-06,0.003215222458654492,-0.006741108741634028,0.8976544028610963,0.8790455216635626,-0.0002784724800116916,-0.0009706979286877006,0.09612586302932913,-2.6610019102975486,bad,good,bad
./data/2025-07-17 GraSi NMC811 XFC 1 1_3_1_2025-07-17 18-37-19_bad.xlsx,0.0019368857142857143,0.0,0.0038123428571428574,-0.0012232000000000002,0.5124314831403612,0.1689010117417955,3.4411698624431186,-0.06348791168786683,3.8961443461291085,0.036182728652779605,0.7735396825396827,-0.823,1.4710158730158713,-0.47194444444444006,0.0015335147807396415,8.931971533398977e-05,0.0025916213422933904,-7.851985821781537e-08,0.00698094227675593,9.843888447695626e-05,0.4549744836859899,0.09967064034064643,-7.142857142725824e-07,0.00242130180576465,1.5177108980775325,1.1002462754765472,good,good,good
./data/2025-07-17 GraSi NMC811 XFC 1 2_3_2_2025-07-17 18-37-35_bad.xlsx,0.0016184625,-0.0018541,0.0032808125,-0.0041614,0.5357125741317401,0.3005340718992759,3.366869443658639,-0.5178386746076766,3.9775282544763506,0.15363166666666705,0.5008541666666667,-1.1354722222222222,1.2659166666666686,-1.6056111111111133,0.0016458041074998142,0.0007687106305539792,0.0025914824496744886,-1.280611390283657e-06,0.005833866665146087,-0.006588882158051498,0.6106588108177116,0.6714703412743437,-0.001826267344560957,-0.0065680409731882555,0.5928695108414145,-0.45734769791034247,bad,good,bad
./data/2025-07-17 GraSi NMC811 XFC 1 3_3_3_2025-07-17 18-37-50_bad.xlsx,0.000584978,-0.0019371,0.001595726666666667,-0.0053486,0.5000279653881571,0.13781500037388772,2.608274064184612,-2.3556473694390716,3.984763802393027,-0.042740437890973926,0.18734444444444456,-1.1348611111111122,0.6480685185185185,-2.0635555555555576,0.002643531786230889,0.00245358081237911,0.0024528583067070803,-1.932394995532438e-06,0.0021046871457707974,-0.006805008101719293,1.3764897382084154,2.3129069315480977,-0.0001746483596310612,-0.0006312468942531179,0.26287904041198934,-4.523798107916436,bad,good,bad
./data/2025-07-17 GraSi NMC811 XFC 15 1_3_5_2025-07-17 18-38-33_bad.xlsx,0.0019370000000000001,0.0,0.004379657142857143,-0.00032490000000000036,0.44338192808949756,0.030705503092933906,3.4386881548824997,-0.05570488816530039,3.879184565260572,0.09242643098485726,1.242813492063492,-0.5811111111111109,1.6899523809523802,-0.12536111111110992,0.0014623330379973547,8.993916164912988e-05,0.0025915711700998903,-1.2928294331349816e-08,0.006826610588195843,-1.963663176151806e-05,0.4404964103780723,0.14813131915015765,1.071428571435902e-06,7.656084660038917e-05,2.722625693914057,1.1817960509315866,good,good,good
./data/2025-07-17 GraSi NMC811 XFC 15 2_3_6_2025-07-17 18-38-51_bad.xlsx,0.0019365571428571428,1.0000000000005664e-07,0.0044593857142857145,-0.0011907000000000003,0.4396884536705458,0.13983388940390007,3.4753736384752463,-0.039332555235634725,3.9007131259287786,0.05650197497865328,1.1513412698412708,-1.013277777777776,1.72075,-0.4594444444444501,0.0014760148572229364,0.0001442574205139538,0.00259153629918144,4.2964138545487085e-08,0.00690618265742076,0.0001167663231259608,0.42533948745353317,0.095834530214288,3.214285714297584e-06,0.004831507488038808,1.7986784585144553,1.5313772895106683,good,good,good
./data/2025-07-17 GraSi NMC811 XFC 15 3_3_7_2025-07-17 18-39-10_bad.xlsx,0.0019371857142857145,0.0,0.005167971428571428,-0.0031916,0.397880781170416,0.22131925463142282,3.473081089247162,-0.0484873637649077,3.9141677472484013,-0.08323013158088033,1.31213492063492,-0.7666111111111101,1.99407142857143,-1.2314166666666702,0.0014556397453455302,0.0001051534155753868,0.0025916514005278196,-8.268828221441593e-08,0.007048806077353203,-0.0006257569849949223,0.4410866580012392,-0.03474276781597263,-7.142857142793855e-07,-0.010105355611300491,-1.0140890956154902,2.1463772970863135,good,good,good
./data/2025-07-17 GraSi NMC811 XFC 15 4_3_8_2025-07-17 18-39-25_bad.xlsx,0.001937157142857143,1.0000000000005664e-07,0.0038087714285714278,-0.0015944000000000002,0.5190714941884849,0.21088258439726826,3.3777962574317706,-0.1361872214673827,3.928310517240852,0.018308896969444266,0.7767460317460324,-0.709500000000004,1.469607142857143,-0.6151944444444499,0.0015002277537346715,1.532701813267384e-05,0.0025916843301171575,-2.502046261149138e-08,0.0067365619663372995,-0.00018664348075442955,0.550514259809082,0.15449611843682698,2.1428571428701714e-06,-0.004615785109463161,2.4078369321133417,0.4556243138494557,good,good,good
./data/2025-07-17 GraSi NMC811 XFC 2 1_4_1_2025-07-17 18-39-47_bad.xlsx,0.0019369571428571426,1.9999999999989644e-07,0.004767542857142857,-0.0032453,0.4235623353369398,0.23211515441285963,3.3494259202783594,-0.16042846694903368,4.017798867930639,-0.0192186279555564,0.8551825396825395,-0.8788333333333359,1.8399246031746053,-1.2524444444444498,0.001459660299214861,3.7854657025476485e-05,0.0025911469576504814,-1.7785565075388587e-08,0.006604428981210017,-0.00020591951713191947,0.6683729476522796,0.14120983899347728,1.7857142857256044e-06,-0.0036975242890869868,2.3988115867268487,0.41274234244936503,good,good,good
./data/2025-07-17 GraSi NMC811 XFC 2 2_4_2_2025-07-17 18-40-07_bad.xlsx,0.0018956,-1.0000000000005664e-07,0.0051543,-0.0026648999999999996,0.3882073863761021,0.12992385817308869,3.2523128923198406,-0.1808037395131925,4.0772267746681345,0.038731968466056976,0.47227380952380965,-0.6328888888888891,1.9890833333333329,-1.02833333333333,0.0015104763004096093,-1.0024442713808292e-05,0.002591281560465457,-1.0455977404819766e-07,0.006406493842973672,-0.0002426225814379174,0.8249138823482938,0.21953570797924948,0.0010250000000000064,-0.0019443387681493435,3.7350942637884215,-0.5731045533723018,bad,good,bad
./data/2025-07-17 GraSi NMC811 XFC 2 3_4_3_2025-07-17 18-40-21_good.xlsx,0.0019353857142857145,-9.99999999998398e-08,0.003534185714285714,-0.0011393000000000002,0.5538059500172267,0.17275251536281439,3.37854176964101,-0.12312882457241825,3.91238173484632,0.06814564626611519,0.6325714285714287,-0.517416666666666,1.3639960317460313,-0.43963888888888003,0.0015231102949381011,-1.6129679529194342e-05,0.0025910263468463253,-9.012157204399754e-08,0.006791889219627241,-0.00018690717738527058,0.5338399652053111,0.19127447083853344,-2.8571428571275853e-06,-0.005050268573697762,3.1755596354851727,0.09847999115142092,bad,good,bad
./data/2025-07-17 GraSi NMC811 XFC 2 4_4_4_2025-07-17 18-40-38_good.xlsx,0.0019363,0.0,0.0044496,-0.00038540000000000015,0.43554746180670717,0.037061595721193,3.49455764574939,0.01140243673066399,3.8478629199853422,-0.00583968092994569,1.4148134920634927,-0.2831666666666701,1.7171825396825386,-0.14877777777778012,0.001436994888470636,4.2153917654512776e-05,0.0025912076316683065,6.612511562614776e-09,0.006864335142544422,-0.00012335168334578692,0.3533052742359519,-0.01724211766060968,1.071428571436197e-06,-0.0008629150464846649,-0.12617678519668962,2.2633020638903627,good,good,good
./data/2025-07-17 GraSi NMC811 XFC 4 1_4_5_2025-07-17 18-41-01_good.xlsx,0.001936142857142857,-1.0000000000005664e-07,0.004205957142857143,-0.0004973,0.46102719282001675,0.05296840412089299,3.4670204096174033,0.004884057500071481,3.8740955137158255,-0.010168605321132063,1.1706587301587288,-0.36697222222222003,1.6233928571428557,-0.19194444444445002,0.0014710667290140367,6.0682326465688304e-05,0.002590828764090451,3.8795684343014e-09,0.006863039627839301,0.00021801057975655118,0.407075104098422,-0.015052662821203544,-1.0714285714255021e-06,0.0035551305783667686,-0.06313976906795621,2.0257751927870946,good,good,good
./data/2025-07-17 GraSi NMC811 XFC 4 2_4_6_2025-07-17 18-41-21_bad.xlsx,0.001936142857142857,0.0,0.004393928571428571,-0.0014286000000000004,0.4482506311211944,0.15376109447466763,3.3501765267318304,-0.13366605340297166,3.98768813398376,-0.002783702386448539,0.8484841269841273,-0.4271111111111141,1.6958134920634929,-0.55138888888889,0.0015004203376795724,-3.5722675308392507e-05,0.0025910389246324808,5.3576537911020905e-08,0.006686845894149878,-0.00034494390953524606,0.6375116072519288,0.13088235101652312,-1.0714285714090818e-06,-0.00661426364526412,2.362695898112113,0.39228239194938996,good,good,good
./data/2025-07-17 GraSi NMC811 XFC 4 3_4_7_2025-07-17 18-41-34_bad.xlsx,0.0019360000000000002,-2.0000000000011328e-07,0.006120171428571429,-0.0010877000000000005,0.3306208537856585,0.040492105773391546,3.356457939923302,-0.07412739199481866,4.043591479492943,0.09328463364616457,0.8675119047619054,-0.10911111111111105,2.3620198412698414,-0.41969444444444015,0.0014871802893882298,-4.0748607987437695e-05,0.002591068044239062,-7.884481130959395e-08,0.006669610963341786,-0.00022511063697848097,0.687133539569641,0.16741202564098323,-2.1428571428555956e-06,-0.002370246952691518,2.472315841203646,0.4581806139449228,good,good,good
./data/2025-07-17 GraSi NMC811 XFC 4 4_4_8_2025-07-17 18-41-54_bad.xlsx,0.001935514285714286,-1.0000000000005664e-07,0.004226014285714287,-0.0005208000000000001,0.45863142387723943,0.05612491797666358,3.4676406229228602,-0.010099064105751676,3.8755328404233054,-0.008466415015713213,1.175210317460318,-0.4473333333333339,1.6311865079365087,-0.20100000000000007,0.0014690867965109543,7.339983992001443e-05,0.002590741222438374,-2.542407229275817e-08,0.006840684046962924,2.5364252048121032e-05,0.40789221750044585,0.0016326490900384627,7.142857143002925e-07,0.0029502745909100545,0.37745474631996273,1.8823670727271973,good,good,good
./data/2025-07-21 GraSi NMC811 XFC 1 1_1_1_2025-07-21 17-49-58_bad.xlsx,0.0003797567567567567,-0.0019328,0.0009436567567567568,-0.0041195,0.7277833398329265,0.2214303030303031,2.915342411662749,-0.6790896374516011,3.9015733712984946,-0.05147660899653994,0.10875900900900894,-0.8923055555555552,0.3641411411411413,-1.5895833333333311,0.0028870258405023124,0.0017794486589229137,0.0025908425602292656,-7.828027681656968e-07,0.0013355726589388214,-0.006953004794646803,0.9862309596357438,0.6276130284550612,-4.759068274310271e-05,-0.0001673910503332731,0.011885840487605133,-4.618770596086098,bad,good,bad
./data/2025-07-21 GraSi NMC811 XFC 1 2_1_2_2025-07-21 17-50-19_good.xlsx,0.0019365714285714288,-1.9999999999989644e-07,0.0039490714285714285,-0.0002829,0.49066975520896733,0.033938675874324586,3.4261511962248186,-0.02407173077166691,3.900841151346389,-0.010142865928660427,0.9595238095238096,-0.12483333333333302,1.5240357142857144,-0.10908333333334008,0.0014975799316151624,2.1037516628027043e-05,0.0025874103801948227,-1.6597747936253002e-07,0.0068738492325977184,4.6365111124432173e-05,0.4746899551215707,0.013928864843006483,-3.928571428557567e-06,0.0007440074064617617,0.18385672242926687,1.5687295798820504,good,good,good
./data/2025-07-21 GraSi NMC811 XFC 1 3_1_3_2025-07-21 17-50-35_good.xlsx,0.0019363285714285715,-1.0000000000005664e-07,0.0041859,-0.0003242000000000002,0.46288170105804827,0.03541547197835054,3.457602180325022,-0.00329369773687338,3.869310995831218,0.006662193122243476,1.1713690476190486,-0.20316666666666006,1.6153214285714301,-0.1250833333333301,0.001471611659343427,3.103871995897172e-05,0.0025883365647378664,-5.731367929947065e-08,0.006850924527534283,7.959649277541891e-05,0.41170881550619587,0.009955890859116856,-1.7857142857108353e-06,0.001977326293625124,0.22486086964563565,1.8894954579050545,good,good,good
./data/2025-07-21 GraSi NMC811 XFC 1 4_1_4_2025-07-21 17-51-01_bad.xlsx,0.00027139459459459453,-0.0019275,0.0006472432432432432,-0.0044501,0.8356373057880694,0.4458617519786552,2.798174943359945,-0.7756414213197966,4.002557244929512,0.021061570512820982,0.07985960960960958,-1.0015833333333322,0.24976126126126136,-1.717194444444449,0.0027009649583388793,0.0016826140174039158,0.0025906719983849608,-1.5586538461543308e-06,0.0009414070610582131,-0.006843664716919996,1.2043823015695667,0.7967029918326176,-3.325147665600513e-05,-0.00011604274657073881,0.010435548924235101,-5.207603101986266,bad,good,bad
./data/2025-07-21 GraSi NMC811 XFC 1 6_1_6_2025-07-21 17-51-42_bad.xlsx,0.00039960540540540535,-0.0019177999999999999,0.0008799135135135135,-0.005462399999999999,0.7827535052273074,0.5610167561573931,2.887009933294054,-0.8077453888561794,3.9703622783956605,0.03724469103568362,0.13946321321321314,-1.3198333333333323,0.3396133633633634,-2.1082500000000013,0.0025057683287100486,0.0013984380345768877,0.00259020948995543,-6.04786771105266e-07,0.0014052437595743668,-0.006805600294193654,1.0833523451016063,0.844990079891863,-4.8396299607485016e-05,-0.00017047859736770064,0.020260006361404678,-4.619646038860694,bad,good,bad
./data/2025-07-21 GraSi NMC811 XFC 15 1_1_7_2025-07-21 17-52-15_bad.xlsx,0.0004022567567567568,-0.0019249,0.000818527027027027,-0.0044816,0.8277409114887918,0.45109965185998496,2.893537707716879,-0.8097253822629966,3.9627269620969168,0.10631153573956098,0.1640548048048049,-1.2951944444444423,0.31588138138138133,-1.729472222222221,0.0024177526054962968,0.0016031447400611622,0.0025904989120233003,-8.990445859871979e-07,0.0014014951451157321,-0.00676120494192582,1.0691892543800374,0.9160369180025576,-4.8192275348520286e-05,-0.00016916810023826203,0.020218351059905628,-4.574391935716161,bad,good,bad
./data/2025-07-21 GraSi NMC811 XFC 15 2_1_8_2025-07-21 17-52-35_bad.xlsx,0.0019334625000000001,-2.0700000000000015e-05,0.0046159124999999995,-0.0019783000000000005,0.45005864053454225,0.33568596452240385,3.469855691057436,-0.04944644642387397,3.915613604170287,0.058112357549856775,1.0483715277777779,-1.2843333333333322,1.7812777777777766,-0.7632499999999981,0.0014874610270502187,0.00014930979911301494,0.002591314979297068,-4.640847578352321e-07,0.0068809565222827255,0.00029123901064180124,0.44575791311285123,0.10755880397373074,-2.120432157610428e-05,0.0002897622764183414,0.038122287256885316,1.7483458089409465,good,good,good
./data/2025-07-21 GraSi NMC811 XFC 15 3_2_1_2025-07-21 17-52-51_good.xlsx,0.0019357142857142858,0.0,0.0045942000000000005,-0.0002354999999999996,0.4216999203188762,0.021314296100962582,3.4792427755232445,-0.01179868658351424,3.8471442223357806,0.0109167011419955,1.5073095238095244,-0.14683333333332982,1.7730198412698412,-0.09088888888888991,0.0014193051952912305,1.6868520541799296e-05,0.002574160476923024,1.4863176039763004e-08,0.0068429399091978664,-0.0003229900388200084,0.3679014468125349,0.02271538772550974,3.571428571525679e-07,-0.0030096459239306334,0.13137022791197295,2.208276209160818,good,good,good
./data/2025-07-21 GraSi NMC811 XFC 15 4_2_2_2025-07-21 17-53-08_bad.xlsx,0.0017038625,-0.0018557,0.0046561125,-0.004430399999999999,0.446247566750861,0.44166925056224476,3.3775874397626997,-0.5367804702434058,3.8986664304489236,0.08523350302696686,0.974173611111111,-1.3808888888888922,1.7970486111111106,-1.7098888888888844,0.0016682340974991028,0.0015589930886538382,0.0025758720203652623,-6.362823335142459e-08,0.006008968035560099,-0.006508618121209728,0.5210789906862239,0.6220139732703727,-0.0019066365548443707,-0.0067446559161150384,0.5698804167412578,0.3399677360558174,bad,good,bad
./data/2025-07-21 GraSi NMC811 XFC 15 5_2_3_2025-07-21 17-53-25_bad.xlsx,0.00038287837837837834,-0.0019346,0.0008327243243243243,-0.0075217999999999995,0.6534944113564551,0.22547261593199036,2.883064267600386,-0.8025342139573177,3.8923877053091376,-0.14941604702891675,0.14139114114114112,-1.3793611111111124,0.3214151651651652,-2.9032777777777787,0.002960912040007714,0.0020233694229053727,0.00259031569125195,-3.1688380468198815e-07,0.001346758819027804,-0.006701191550489441,1.0093234377087505,0.653118166928401,-4.833859212761366e-05,-0.0001700046412049644,0.018858916935058746,-4.615451414835506,bad,good,bad
./data/2025-07-21 GraSi NMC811 XFC 15 6_2_4_2025-07-21 17-53-41_badg.xlsx,0.0008934823529411764,-0.0018862,0.0019491411764705883,-0.0044697999999999995,0.6559678227220915,0.5146698896757668,3.1423636371778287,-0.6194580245336061,3.957111937944044,0.10654885021096971,0.43590522875817017,-1.3742222222222222,0.7520964052287582,-1.7247222222222256,0.001943033752012572,0.0009874942435471505,0.0025913397914374796,-5.182172995777702e-07,0.0031778144590506206,-0.006584916956411957,0.8147483007662144,0.7260068747445758,-0.00021126418204165588,-0.0007523953984880393,0.07435414553634688,-2.514555493755495,bad,good,bad
./data/2025-07-23 GraSi NMC811 XFC 15 1_4_3_2025-07-23 15-15-23_good.xlsx,0.003192401666666667,0.0022638,0.00475683,-0.00016910000000000015,0.6654359480185966,0.5081385416688408,3.52798774184701,0.0887973613195947,3.8307191106855285,-0.018634500773060392,5.088143518518518,6.456944444444449,5.5965092592592525,7.02091666666666,0.0009584961001151716,-0.0008744777990415716,0.001554550359162905,-0.0020726708644472503,0.011460367716454903,0.007682392746411089,0.3027313688385182,-0.1074318620926551,0.06185580000000003,0.21606158573658296,-3.2122184387609423,22.741568146806344,good,good,good
./data/2025-07-23 GraSi NMC811 XFC 15 3_4_5_2025-07-23 15-16-02_bad.xlsx,0.0005434,-0.0019248,0.0014911962962962963,-0.005980500000000001,0.7999536724838286,0.5845538802931893,2.953279671830327,-0.84387084952085,4.101921060646328,0.11378633093525137,0.3277932098765431,-1.5836111111111122,0.5755236625514404,-2.308111111111107,0.002220003696742771,0.0019275144910644918,0.0025903391671194204,-5.328537170264623e-07,0.001890319411999948,-0.0070043902990610035,1.1486413888160005,0.9576571804561014,-8.571648936561216e-05,-0.00030068714108911864,0.04057796924135675,-4.01044871532886,bad,good,bad
./data/2025-07-23 GraSi NMC811 XFC 15 4_4_6_2025-07-23 15-16-21_good.xlsx,0.0032579749999999998,0.0023512499999999996,0.0045612050000000005,-2.879999999999376e-06,0.7044322651185412,0.5012843617641447,3.5520748679120633,0.1833545092571076,3.8227312747878464,-0.045859856406967214,5.048259259259258,6.73861111111111,5.419888888888889,7.242972222222219,0.0009797377275739686,-0.000886881434399773,0.001554651492372601,-0.002072819342465445,0.011751050210735995,0.008855928269129159,0.2706564068757827,-0.22921436566407483,0.06528054285714287,0.24247817365411956,-5.5781456288181195,24.63841471047086,good,good,good
./data/2025-07-23 GraSi NMC811 XFC 15 5_4_7_2025-07-23 15-16-52_bad.xlsx,0.0003798486486486487,-0.0019207,0.0008190918918918919,-0.0042347999999999995,0.8266920401579633,0.4205099721336666,2.9002697494168914,-0.7200432861432864,4.0931805599302935,0.20383750000000012,0.09488063063063062,-1.0597222222222222,0.31612987987988017,-1.6343611111111123,0.002435920409105786,0.0017134272057772056,0.0025907625922741598,-4.959459459449346e-07,0.001308824322607688,-0.00675100045381041,1.1929108105134016,0.9238807861432865,-4.518007638820643e-05,-0.00015647748987473255,0.01871783336916233,-4.804395221504717,bad,good,bad
./data/2025-07-23 GraSi NMC811 XFC 15 6_4_8_2025-07-23 15-17-10_bad.xlsx,0.0006416,-0.0018234,0.0014415640000000002,-0.0043476,0.7983647700574136,0.5206223365252775,3.0487076566354987,-0.5617089527327752,4.092439322930849,0.3006049660593062,0.31631777777777786,-1.3278611111111123,0.5563855555555558,-1.6779444444444434,0.0017542049938529885,0.0005061969623464477,0.00259082231073687,-2.990710968198834e-07,0.0022127314151855104,-0.0063766522555108235,1.0437316662953497,0.8623139187920814,-9.471905664167159e-05,-0.00033397889179004043,0.041107256919275165,-3.606604603260049,bad,good,bad
