Cycle,cycles,hard_fail_cnt,soft_fail_cnt,both_fail_cnt,pct_hard_fail,pct_soft_fail,pct_both_fail
4,74,25,41,18,33.78,55.41,24.32
5,74,17,41,15,22.97,55.41,20.27
6,74,18,44,16,24.32,59.46,21.62
7,73,24,46,22,32.88,63.01,30.14
8,68,21,46,20,30.88,67.65,29.41
9,66,26,47,24,39.39,71.21,36.36
10,66,26,47,24,39.39,71.21,36.36
11,65,30,50,30,46.15,76.92,46.15
12,64,31,48,31,48.44,75.0,48.44
13,64,34,47,34,53.12,73.44,53.12
14,62,31,47,30,50.0,75.81,48.39
15,61,34,46,33,55.74,75.41,54.1
16,59,32,45,31,54.24,76.27,52.54
17,57,38,44,37,66.67,77.19,64.91
18,53,35,41,35,66.04,77.36,66.04
19,52,34,40,34,65.38,76.92,65.38
20,52,34,40,34,65.38,76.92,65.38
21,52,35,40,35,67.31,76.92,67.31
22,50,34,39,34,68.0,78.0,68.0
23,49,34,39,34,69.39,79.59,69.39
24,48,33,38,33,68.75,79.17,68.75
25,48,33,38,33,68.75,79.17,68.75
26,47,31,37,31,65.96,78.72,65.96
27,46,31,38,31,67.39,82.61,67.39
28,46,32,38,32,69.57,82.61,69.57
29,46,32,39,32,69.57,84.78,69.57
30,46,31,39,31,67.39,84.78,67.39
31,46,31,39,31,67.39,84.78,67.39
32,45,31,38,31,68.89,84.44,68.89
33,45,30,38,30,66.67,84.44,66.67
34,45,32,38,32,71.11,84.44,71.11
35,45,32,38,32,71.11,84.44,71.11
36,44,30,37,30,68.18,84.09,68.18
37,44,31,37,31,70.45,84.09,70.45
38,44,30,37,30,68.18,84.09,68.18
39,44,30,37,30,68.18,84.09,68.18
40,42,31,37,31,73.81,88.1,73.81
41,42,30,37,30,71.43,88.1,71.43
42,40,30,37,30,75.0,92.5,75.0
43,40,30,37,30,75.0,92.5,75.0
44,39,29,37,29,74.36,94.87,74.36
45,38,29,36,29,76.32,94.74,76.32
46,37,29,35,29,78.38,94.59,78.38
47,35,28,33,28,80.0,94.29,80.0
48,35,29,33,29,82.86,94.29,82.86
49,35,30,33,30,85.71,94.29,85.71
50,35,30,33,30,85.71,94.29,85.71
51,35,30,33,30,85.71,94.29,85.71
52,34,29,32,29,85.29,94.12,85.29
53,34,29,32,29,85.29,94.12,85.29
54,34,29,32,29,85.29,94.12,85.29
55,34,29,32,29,85.29,94.12,85.29
56,34,30,32,30,88.24,94.12,88.24
57,34,30,32,30,88.24,94.12,88.24
58,34,28,32,28,82.35,94.12,82.35
59,34,29,32,29,85.29,94.12,85.29
60,34,28,32,28,82.35,94.12,82.35
61,34,29,32,29,85.29,94.12,85.29
62,34,29,32,29,85.29,94.12,85.29
63,34,29,32,29,85.29,94.12,85.29
64,34,29,32,29,85.29,94.12,85.29
65,34,29,32,29,85.29,94.12,85.29
66,34,29,32,29,85.29,94.12,85.29
67,34,30,32,30,88.24,94.12,88.24
68,33,29,31,29,87.88,93.94,87.88
69,33,29,31,29,87.88,93.94,87.88
70,33,29,31,29,87.88,93.94,87.88
71,33,29,31,29,87.88,93.94,87.88
72,33,30,31,30,90.91,93.94,90.91
73,33,30,31,30,90.91,93.94,90.91
74,33,30,31,30,90.91,93.94,90.91
75,33,30,31,30,90.91,93.94,90.91
76,33,30,31,30,90.91,93.94,90.91
77,33,30,31,30,90.91,93.94,90.91
78,33,30,31,30,90.91,93.94,90.91
79,33,30,31,30,90.91,93.94,90.91
80,33,30,31,30,90.91,93.94,90.91
81,33,30,31,30,90.91,93.94,90.91
82,33,30,31,30,90.91,93.94,90.91
83,33,30,31,30,90.91,93.94,90.91
84,33,30,31,30,90.91,93.94,90.91
85,33,30,31,30,90.91,93.94,90.91
86,33,30,31,30,90.91,93.94,90.91
87,33,30,31,30,90.91,93.94,90.91
88,33,30,31,30,90.91,93.94,90.91
89,33,31,31,31,93.94,93.94,93.94
90,33,31,31,31,93.94,93.94,93.94
91,33,31,31,31,93.94,93.94,93.94
92,33,31,31,31,93.94,93.94,93.94
93,33,31,31,31,93.94,93.94,93.94
94,33,31,31,31,93.94,93.94,93.94
95,33,31,31,31,93.94,93.94,93.94
96,33,31,31,31,93.94,93.94,93.94
97,33,31,31,31,93.94,93.94,93.94
98,33,31,31,31,93.94,93.94,93.94
99,33,31,31,31,93.94,93.94,93.94
100,33,31,31,31,93.94,93.94,93.94
101,33,31,31,31,93.94,93.94,93.94
102,33,31,31,31,93.94,93.94,93.94
103,33,31,31,31,93.94,93.94,93.94
104,33,31,31,31,93.94,93.94,93.94
105,33,31,31,31,93.94,93.94,93.94
106,32,30,31,30,93.75,96.88,93.75
107,32,30,31,30,93.75,96.88,93.75
108,32,30,31,30,93.75,96.88,93.75
109,32,30,31,30,93.75,96.88,93.75
110,32,30,31,30,93.75,96.88,93.75
111,32,30,31,30,93.75,96.88,93.75
112,32,30,31,30,93.75,96.88,93.75
113,32,30,31,30,93.75,96.88,93.75
114,32,30,31,30,93.75,96.88,93.75
115,32,30,31,30,93.75,96.88,93.75
116,32,30,31,30,93.75,96.88,93.75
117,32,30,31,30,93.75,96.88,93.75
118,32,30,31,30,93.75,96.88,93.75
119,32,30,31,30,93.75,96.88,93.75
120,32,30,31,30,93.75,96.88,93.75
121,32,30,31,30,93.75,96.88,93.75
122,31,29,30,29,93.55,96.77,93.55
123,31,29,30,29,93.55,96.77,93.55
124,30,28,29,28,93.33,96.67,93.33
125,30,28,29,28,93.33,96.67,93.33
126,30,28,29,28,93.33,96.67,93.33
127,30,28,29,28,93.33,96.67,93.33
128,30,28,29,28,93.33,96.67,93.33
129,30,28,29,28,93.33,96.67,93.33
130,30,28,29,28,93.33,96.67,93.33
131,30,28,29,28,93.33,96.67,93.33
132,30,28,29,28,93.33,96.67,93.33
133,30,28,29,28,93.33,96.67,93.33
134,30,28,29,28,93.33,96.67,93.33
135,30,28,29,28,93.33,96.67,93.33
136,30,28,29,28,93.33,96.67,93.33
137,30,28,30,28,93.33,100.0,93.33
138,30,28,29,28,93.33,96.67,93.33
139,30,28,29,28,93.33,96.67,93.33
140,30,28,29,28,93.33,96.67,93.33
141,30,28,29,28,93.33,96.67,93.33
142,30,28,29,28,93.33,96.67,93.33
143,30,28,29,28,93.33,96.67,93.33
144,30,28,30,28,93.33,100.0,93.33
145,30,28,29,28,93.33,96.67,93.33
146,30,28,29,28,93.33,96.67,93.33
147,30,28,29,28,93.33,96.67,93.33
148,30,29,30,29,96.67,100.0,96.67
149,30,29,29,28,96.67,96.67,93.33
150,29,29,28,28,100.0,96.55,96.55
151,29,29,28,28,100.0,96.55,96.55
152,29,28,28,28,96.55,96.55,96.55
153,29,29,28,28,100.0,96.55,96.55
154,29,29,28,28,100.0,96.55,96.55
155,29,28,28,28,96.55,96.55,96.55
156,29,29,29,29,100.0,100.0,100.0
157,29,29,28,28,100.0,96.55,96.55
158,29,29,29,29,100.0,100.0,100.0
159,29,29,28,28,100.0,96.55,96.55
160,29,29,28,28,100.0,96.55,96.55
161,29,29,28,28,100.0,96.55,96.55
162,29,29,28,28,100.0,96.55,96.55
163,29,29,29,29,100.0,100.0,100.0
164,29,29,28,28,100.0,96.55,96.55
165,29,29,28,28,100.0,96.55,96.55
166,29,29,29,29,100.0,100.0,100.0
167,29,29,28,28,100.0,96.55,96.55
168,29,29,28,28,100.0,96.55,96.55
169,29,29,28,28,100.0,96.55,96.55
170,29,29,28,28,100.0,96.55,96.55
171,29,28,28,27,96.55,96.55,93.1
172,29,29,28,28,100.0,96.55,96.55
173,29,29,28,28,100.0,96.55,96.55
174,29,29,28,28,100.0,96.55,96.55
175,29,29,28,28,100.0,96.55,96.55
176,29,29,28,28,100.0,96.55,96.55
177,29,29,28,28,100.0,96.55,96.55
178,29,29,28,28,100.0,96.55,96.55
179,29,29,28,28,100.0,96.55,96.55
180,29,29,28,28,100.0,96.55,96.55
181,29,29,28,28,100.0,96.55,96.55
182,29,29,28,28,100.0,96.55,96.55
183,29,29,28,28,100.0,96.55,96.55
184,29,29,28,28,100.0,96.55,96.55
185,29,29,28,28,100.0,96.55,96.55
186,29,29,29,29,100.0,100.0,100.0
187,29,29,28,28,100.0,96.55,96.55
188,29,29,29,29,100.0,100.0,100.0
189,27,27,26,26,100.0,96.3,96.3
190,27,27,27,27,100.0,100.0,100.0
191,27,27,27,27,100.0,100.0,100.0
192,27,27,26,26,100.0,96.3,96.3
193,27,27,26,26,100.0,96.3,96.3
194,27,26,26,25,96.3,96.3,92.59
195,27,26,26,25,96.3,96.3,92.59
196,27,27,26,26,100.0,96.3,96.3
197,27,27,26,26,100.0,96.3,96.3
198,27,27,26,26,100.0,96.3,96.3
199,27,27,26,26,100.0,96.3,96.3
200,27,27,26,26,100.0,96.3,96.3
201,27,27,26,26,100.0,96.3,96.3
202,27,27,26,26,100.0,96.3,96.3
203,27,27,26,26,100.0,96.3,96.3
204,27,20,20,16,74.07,74.07,59.26
205,25,19,15,15,76.0,60.0,60.0
206,25,19,15,15,76.0,60.0,60.0
207,25,24,23,22,96.0,92.0,88.0
208,25,24,24,23,96.0,96.0,92.0
209,24,23,23,22,95.83,95.83,91.67
210,24,23,23,22,95.83,95.83,91.67
211,24,23,23,22,95.83,95.83,91.67
212,24,23,23,22,95.83,95.83,91.67
213,24,23,23,22,95.83,95.83,91.67
214,24,23,23,22,95.83,95.83,91.67
215,24,23,23,22,95.83,95.83,91.67
216,24,23,23,22,95.83,95.83,91.67
217,24,23,23,22,95.83,95.83,91.67
218,24,24,23,23,100.0,95.83,95.83
219,24,24,23,23,100.0,95.83,95.83
220,24,23,23,22,95.83,95.83,91.67
221,24,23,23,22,95.83,95.83,91.67
222,24,23,23,22,95.83,95.83,91.67
223,24,23,23,22,95.83,95.83,91.67
224,24,24,23,23,100.0,95.83,95.83
225,24,24,23,23,100.0,95.83,95.83
226,24,24,23,23,100.0,95.83,95.83
227,24,24,23,23,100.0,95.83,95.83
228,24,24,23,23,100.0,95.83,95.83
229,24,24,23,23,100.0,95.83,95.83
230,24,24,23,23,100.0,95.83,95.83
231,24,24,23,23,100.0,95.83,95.83
232,24,24,23,23,100.0,95.83,95.83
233,24,24,23,23,100.0,95.83,95.83
234,24,24,23,23,100.0,95.83,95.83
235,24,24,23,23,100.0,95.83,95.83
236,24,24,23,23,100.0,95.83,95.83
237,24,24,23,23,100.0,95.83,95.83
238,24,24,23,23,100.0,95.83,95.83
239,24,24,23,23,100.0,95.83,95.83
240,24,24,23,23,100.0,95.83,95.83
241,24,24,23,23,100.0,95.83,95.83
242,24,24,23,23,100.0,95.83,95.83
243,24,24,23,23,100.0,95.83,95.83
244,24,24,23,23,100.0,95.83,95.83
245,24,24,23,23,100.0,95.83,95.83
246,24,24,23,23,100.0,95.83,95.83
247,24,24,23,23,100.0,95.83,95.83
248,24,24,23,23,100.0,95.83,95.83
249,24,24,23,23,100.0,95.83,95.83
250,24,24,23,23,100.0,95.83,95.83
251,24,24,23,23,100.0,95.83,95.83
252,24,24,23,23,100.0,95.83,95.83
253,24,24,23,23,100.0,95.83,95.83
254,24,24,23,23,100.0,95.83,95.83
255,24,24,23,23,100.0,95.83,95.83
256,24,24,23,23,100.0,95.83,95.83
257,24,24,23,23,100.0,95.83,95.83
258,24,24,23,23,100.0,95.83,95.83
259,23,23,22,22,100.0,95.65,95.65
260,23,23,22,22,100.0,95.65,95.65
261,23,23,22,22,100.0,95.65,95.65
262,23,23,22,22,100.0,95.65,95.65
263,23,22,22,21,95.65,95.65,91.3
264,23,22,22,21,95.65,95.65,91.3
265,23,23,22,22,100.0,95.65,95.65
266,23,23,22,22,100.0,95.65,95.65
267,23,23,22,22,100.0,95.65,95.65
268,23,23,22,22,100.0,95.65,95.65
269,23,22,22,21,95.65,95.65,91.3
270,23,22,22,21,95.65,95.65,91.3
271,23,22,22,21,95.65,95.65,91.3
272,23,22,22,21,95.65,95.65,91.3
273,23,22,22,21,95.65,95.65,91.3
274,23,22,22,21,95.65,95.65,91.3
275,23,22,22,21,95.65,95.65,91.3
276,23,22,22,21,95.65,95.65,91.3
277,23,22,22,21,95.65,95.65,91.3
278,22,22,21,21,100.0,95.45,95.45
279,22,22,21,21,100.0,95.45,95.45
280,22,22,21,21,100.0,95.45,95.45
281,22,22,21,21,100.0,95.45,95.45
282,22,22,21,21,100.0,95.45,95.45
283,22,22,21,21,100.0,95.45,95.45
284,22,22,21,21,100.0,95.45,95.45
285,22,22,21,21,100.0,95.45,95.45
286,22,22,21,21,100.0,95.45,95.45
287,22,22,21,21,100.0,95.45,95.45
288,22,22,21,21,100.0,95.45,95.45
289,22,22,21,21,100.0,95.45,95.45
290,22,22,21,21,100.0,95.45,95.45
291,22,22,21,21,100.0,95.45,95.45
292,22,22,21,21,100.0,95.45,95.45
293,22,22,21,21,100.0,95.45,95.45
294,22,22,21,21,100.0,95.45,95.45
295,22,22,21,21,100.0,95.45,95.45
296,22,22,21,21,100.0,95.45,95.45
297,22,22,21,21,100.0,95.45,95.45
298,22,22,21,21,100.0,95.45,95.45
299,22,22,21,21,100.0,95.45,95.45
300,22,22,21,21,100.0,95.45,95.45
301,22,22,21,21,100.0,95.45,95.45
302,22,22,21,21,100.0,95.45,95.45
303,22,22,21,21,100.0,95.45,95.45
304,22,22,22,22,100.0,100.0,100.0
305,22,22,22,22,100.0,100.0,100.0
306,22,22,22,22,100.0,100.0,100.0
307,22,22,22,22,100.0,100.0,100.0
308,22,22,22,22,100.0,100.0,100.0
309,22,22,22,22,100.0,100.0,100.0
310,22,22,22,22,100.0,100.0,100.0
311,22,22,22,22,100.0,100.0,100.0
312,22,22,22,22,100.0,100.0,100.0
313,22,22,22,22,100.0,100.0,100.0
314,22,22,22,22,100.0,100.0,100.0
315,22,22,22,22,100.0,100.0,100.0
316,22,22,22,22,100.0,100.0,100.0
317,22,22,22,22,100.0,100.0,100.0
318,22,22,22,22,100.0,100.0,100.0
319,22,22,22,22,100.0,100.0,100.0
320,22,22,22,22,100.0,100.0,100.0
321,22,22,21,21,100.0,95.45,95.45
322,21,21,20,20,100.0,95.24,95.24
323,21,21,20,20,100.0,95.24,95.24
324,21,21,20,20,100.0,95.24,95.24
325,21,21,20,20,100.0,95.24,95.24
326,21,21,21,21,100.0,100.0,100.0
327,21,21,21,21,100.0,100.0,100.0
328,21,21,21,21,100.0,100.0,100.0
329,21,21,21,21,100.0,100.0,100.0
330,20,20,20,20,100.0,100.0,100.0
331,20,20,20,20,100.0,100.0,100.0
332,20,20,20,20,100.0,100.0,100.0
333,20,20,20,20,100.0,100.0,100.0
334,20,20,20,20,100.0,100.0,100.0
335,20,20,20,20,100.0,100.0,100.0
336,20,20,20,20,100.0,100.0,100.0
337,20,20,20,20,100.0,100.0,100.0
338,20,20,20,20,100.0,100.0,100.0
339,20,20,20,20,100.0,100.0,100.0
340,20,20,20,20,100.0,100.0,100.0
341,20,20,20,20,100.0,100.0,100.0
342,20,20,20,20,100.0,100.0,100.0
343,20,20,20,20,100.0,100.0,100.0
344,20,20,20,20,100.0,100.0,100.0
345,20,20,20,20,100.0,100.0,100.0
346,20,20,20,20,100.0,100.0,100.0
347,20,20,20,20,100.0,100.0,100.0
348,20,20,20,20,100.0,100.0,100.0
349,20,20,20,20,100.0,100.0,100.0
350,20,20,20,20,100.0,100.0,100.0
351,20,20,20,20,100.0,100.0,100.0
352,20,20,20,20,100.0,100.0,100.0
353,20,20,20,20,100.0,100.0,100.0
354,20,20,20,20,100.0,100.0,100.0
355,20,20,20,20,100.0,100.0,100.0
356,20,20,20,20,100.0,100.0,100.0
357,20,20,20,20,100.0,100.0,100.0
358,20,20,20,20,100.0,100.0,100.0
359,20,20,20,20,100.0,100.0,100.0
360,20,20,20,20,100.0,100.0,100.0
361,20,20,20,20,100.0,100.0,100.0
362,20,20,20,20,100.0,100.0,100.0
363,20,20,20,20,100.0,100.0,100.0
364,20,20,20,20,100.0,100.0,100.0
365,20,20,20,20,100.0,100.0,100.0
366,20,20,20,20,100.0,100.0,100.0
367,20,20,20,20,100.0,100.0,100.0
368,20,20,20,20,100.0,100.0,100.0
369,20,20,20,20,100.0,100.0,100.0
370,20,20,20,20,100.0,100.0,100.0
371,20,20,20,20,100.0,100.0,100.0
372,20,20,20,20,100.0,100.0,100.0
373,20,20,20,20,100.0,100.0,100.0
374,20,20,20,20,100.0,100.0,100.0
375,20,20,20,20,100.0,100.0,100.0
376,20,20,20,20,100.0,100.0,100.0
377,20,20,20,20,100.0,100.0,100.0
378,20,20,20,20,100.0,100.0,100.0
379,20,20,20,20,100.0,100.0,100.0
380,20,20,20,20,100.0,100.0,100.0
381,20,20,20,20,100.0,100.0,100.0
382,20,20,20,20,100.0,100.0,100.0
383,20,20,20,20,100.0,100.0,100.0
384,20,20,20,20,100.0,100.0,100.0
385,20,20,20,20,100.0,100.0,100.0
386,20,20,20,20,100.0,100.0,100.0
387,20,20,20,20,100.0,100.0,100.0
388,20,20,20,20,100.0,100.0,100.0
389,20,20,20,20,100.0,100.0,100.0
390,20,20,20,20,100.0,100.0,100.0
391,20,20,20,20,100.0,100.0,100.0
392,20,20,20,20,100.0,100.0,100.0
393,20,20,20,20,100.0,100.0,100.0
394,20,20,20,20,100.0,100.0,100.0
395,20,20,20,20,100.0,100.0,100.0
396,20,20,20,20,100.0,100.0,100.0
397,20,20,20,20,100.0,100.0,100.0
398,20,20,20,20,100.0,100.0,100.0
399,20,20,20,20,100.0,100.0,100.0
400,20,20,20,20,100.0,100.0,100.0
401,20,20,20,20,100.0,100.0,100.0
402,20,20,20,20,100.0,100.0,100.0
403,20,20,20,20,100.0,100.0,100.0
404,20,20,20,20,100.0,100.0,100.0
405,20,20,20,20,100.0,100.0,100.0
406,20,20,20,20,100.0,100.0,100.0
407,20,19,16,15,95.0,80.0,75.0
408,20,19,14,14,95.0,70.0,70.0
409,20,19,14,14,95.0,70.0,70.0
410,20,20,20,20,100.0,100.0,100.0
411,20,20,20,20,100.0,100.0,100.0
412,20,20,20,20,100.0,100.0,100.0
413,20,20,20,20,100.0,100.0,100.0
414,20,20,20,20,100.0,100.0,100.0
415,20,20,20,20,100.0,100.0,100.0
416,20,20,20,20,100.0,100.0,100.0
417,20,20,20,20,100.0,100.0,100.0
418,20,20,20,20,100.0,100.0,100.0
419,20,20,20,20,100.0,100.0,100.0
420,20,20,20,20,100.0,100.0,100.0
421,20,20,20,20,100.0,100.0,100.0
422,20,20,20,20,100.0,100.0,100.0
423,20,20,20,20,100.0,100.0,100.0
424,20,20,20,20,100.0,100.0,100.0
425,20,20,20,20,100.0,100.0,100.0
426,20,20,20,20,100.0,100.0,100.0
427,20,20,20,20,100.0,100.0,100.0
428,20,20,20,20,100.0,100.0,100.0
429,20,20,20,20,100.0,100.0,100.0
430,20,20,20,20,100.0,100.0,100.0
431,20,20,20,20,100.0,100.0,100.0
432,20,20,20,20,100.0,100.0,100.0
433,20,20,20,20,100.0,100.0,100.0
434,20,20,20,20,100.0,100.0,100.0
435,20,20,20,20,100.0,100.0,100.0
436,20,20,20,20,100.0,100.0,100.0
437,20,20,20,20,100.0,100.0,100.0
438,20,20,20,20,100.0,100.0,100.0
439,20,20,20,20,100.0,100.0,100.0
440,20,20,20,20,100.0,100.0,100.0
441,20,20,20,20,100.0,100.0,100.0
442,20,20,20,20,100.0,100.0,100.0
443,20,20,20,20,100.0,100.0,100.0
444,20,20,20,20,100.0,100.0,100.0
445,20,20,20,20,100.0,100.0,100.0
446,20,20,20,20,100.0,100.0,100.0
447,19,19,19,19,100.0,100.0,100.0
448,19,19,19,19,100.0,100.0,100.0
449,19,19,19,19,100.0,100.0,100.0
450,19,19,19,19,100.0,100.0,100.0
451,19,19,19,19,100.0,100.0,100.0
452,19,19,19,19,100.0,100.0,100.0
453,19,19,19,19,100.0,100.0,100.0
454,19,19,19,19,100.0,100.0,100.0
455,19,19,19,19,100.0,100.0,100.0
456,19,19,19,19,100.0,100.0,100.0
457,19,19,19,19,100.0,100.0,100.0
458,19,19,19,19,100.0,100.0,100.0
459,19,19,19,19,100.0,100.0,100.0
460,19,19,19,19,100.0,100.0,100.0
461,19,19,19,19,100.0,100.0,100.0
462,19,19,19,19,100.0,100.0,100.0
463,19,19,19,19,100.0,100.0,100.0
464,19,19,19,19,100.0,100.0,100.0
465,19,19,19,19,100.0,100.0,100.0
466,19,19,19,19,100.0,100.0,100.0
467,19,19,19,19,100.0,100.0,100.0
468,19,19,19,19,100.0,100.0,100.0
469,19,19,19,19,100.0,100.0,100.0
470,19,19,19,19,100.0,100.0,100.0
471,19,19,19,19,100.0,100.0,100.0
472,19,19,19,19,100.0,100.0,100.0
473,19,19,19,19,100.0,100.0,100.0
474,19,19,19,19,100.0,100.0,100.0
475,19,19,19,19,100.0,100.0,100.0
476,19,19,19,19,100.0,100.0,100.0
477,19,19,19,19,100.0,100.0,100.0
478,19,19,19,19,100.0,100.0,100.0
479,19,19,19,19,100.0,100.0,100.0
480,19,19,19,19,100.0,100.0,100.0
481,19,19,19,19,100.0,100.0,100.0
482,18,18,18,18,100.0,100.0,100.0
483,18,18,18,18,100.0,100.0,100.0
484,18,18,18,18,100.0,100.0,100.0
485,17,17,17,17,100.0,100.0,100.0
486,17,17,17,17,100.0,100.0,100.0
487,17,17,17,17,100.0,100.0,100.0
488,17,17,17,17,100.0,100.0,100.0
489,17,17,17,17,100.0,100.0,100.0
490,17,17,17,17,100.0,100.0,100.0
491,17,17,17,17,100.0,100.0,100.0
492,17,17,17,17,100.0,100.0,100.0
493,17,17,17,17,100.0,100.0,100.0
494,17,17,17,17,100.0,100.0,100.0
495,17,17,17,17,100.0,100.0,100.0
496,17,17,17,17,100.0,100.0,100.0
497,17,17,17,17,100.0,100.0,100.0
498,17,17,17,17,100.0,100.0,100.0
499,17,17,17,17,100.0,100.0,100.0
500,17,17,17,17,100.0,100.0,100.0
501,17,17,17,17,100.0,100.0,100.0
502,17,17,17,17,100.0,100.0,100.0
503,17,17,17,17,100.0,100.0,100.0
504,17,17,17,17,100.0,100.0,100.0
505,17,17,17,17,100.0,100.0,100.0
506,17,17,17,17,100.0,100.0,100.0
507,17,17,17,17,100.0,100.0,100.0
508,17,17,17,17,100.0,100.0,100.0
509,17,17,17,17,100.0,100.0,100.0
510,17,17,17,17,100.0,100.0,100.0
511,17,17,17,17,100.0,100.0,100.0
512,17,17,17,17,100.0,100.0,100.0
513,17,17,17,17,100.0,100.0,100.0
514,17,17,17,17,100.0,100.0,100.0
515,17,17,17,17,100.0,100.0,100.0
516,17,17,17,17,100.0,100.0,100.0
517,17,17,17,17,100.0,100.0,100.0
518,17,17,17,17,100.0,100.0,100.0
519,17,17,17,17,100.0,100.0,100.0
520,17,17,17,17,100.0,100.0,100.0
521,17,17,17,17,100.0,100.0,100.0
522,17,17,17,17,100.0,100.0,100.0
523,17,17,17,17,100.0,100.0,100.0
524,17,17,17,17,100.0,100.0,100.0
525,17,17,17,17,100.0,100.0,100.0
526,17,17,17,17,100.0,100.0,100.0
527,17,17,17,17,100.0,100.0,100.0
528,17,17,17,17,100.0,100.0,100.0
529,17,17,17,17,100.0,100.0,100.0
530,17,17,17,17,100.0,100.0,100.0
531,17,17,17,17,100.0,100.0,100.0
532,17,17,17,17,100.0,100.0,100.0
533,17,17,17,17,100.0,100.0,100.0
534,17,17,17,17,100.0,100.0,100.0
535,17,17,17,17,100.0,100.0,100.0
536,17,17,17,17,100.0,100.0,100.0
537,17,17,17,17,100.0,100.0,100.0
538,17,17,17,17,100.0,100.0,100.0
539,17,17,17,17,100.0,100.0,100.0
540,17,17,17,17,100.0,100.0,100.0
541,17,17,17,17,100.0,100.0,100.0
542,17,17,17,17,100.0,100.0,100.0
543,17,17,17,17,100.0,100.0,100.0
544,17,17,17,17,100.0,100.0,100.0
545,17,17,17,17,100.0,100.0,100.0
546,17,17,17,17,100.0,100.0,100.0
547,17,17,17,17,100.0,100.0,100.0
548,17,17,17,17,100.0,100.0,100.0
549,17,17,17,17,100.0,100.0,100.0
550,17,17,17,17,100.0,100.0,100.0
551,17,17,17,17,100.0,100.0,100.0
552,17,17,17,17,100.0,100.0,100.0
553,17,17,17,17,100.0,100.0,100.0
554,17,17,17,17,100.0,100.0,100.0
555,17,17,17,17,100.0,100.0,100.0
556,17,17,17,17,100.0,100.0,100.0
557,17,17,17,17,100.0,100.0,100.0
558,17,17,17,17,100.0,100.0,100.0
559,17,17,17,17,100.0,100.0,100.0
560,17,17,17,17,100.0,100.0,100.0
561,17,17,17,17,100.0,100.0,100.0
562,17,17,17,17,100.0,100.0,100.0
563,17,17,17,17,100.0,100.0,100.0
564,17,17,17,17,100.0,100.0,100.0
565,17,17,17,17,100.0,100.0,100.0
566,17,17,17,17,100.0,100.0,100.0
567,17,17,17,17,100.0,100.0,100.0
568,17,17,17,17,100.0,100.0,100.0
569,17,17,17,17,100.0,100.0,100.0
570,17,17,17,17,100.0,100.0,100.0
571,17,17,17,17,100.0,100.0,100.0
572,17,17,17,17,100.0,100.0,100.0
573,17,17,17,17,100.0,100.0,100.0
574,17,17,17,17,100.0,100.0,100.0
575,17,17,17,17,100.0,100.0,100.0
576,17,17,17,17,100.0,100.0,100.0
577,17,17,17,17,100.0,100.0,100.0
578,17,17,17,17,100.0,100.0,100.0
579,17,17,17,17,100.0,100.0,100.0
580,17,17,17,17,100.0,100.0,100.0
581,17,17,17,17,100.0,100.0,100.0
582,17,17,17,17,100.0,100.0,100.0
583,17,17,17,17,100.0,100.0,100.0
584,17,17,17,17,100.0,100.0,100.0
585,17,17,17,17,100.0,100.0,100.0
586,17,17,17,17,100.0,100.0,100.0
587,17,17,17,17,100.0,100.0,100.0
588,17,17,17,17,100.0,100.0,100.0
589,17,17,17,17,100.0,100.0,100.0
590,17,17,17,17,100.0,100.0,100.0
591,17,17,17,17,100.0,100.0,100.0
592,17,17,17,17,100.0,100.0,100.0
593,17,17,17,17,100.0,100.0,100.0
594,17,17,17,17,100.0,100.0,100.0
595,17,17,17,17,100.0,100.0,100.0
596,17,17,17,17,100.0,100.0,100.0
597,17,17,17,17,100.0,100.0,100.0
598,17,17,17,17,100.0,100.0,100.0
599,17,17,17,17,100.0,100.0,100.0
600,17,17,17,17,100.0,100.0,100.0
601,17,17,17,17,100.0,100.0,100.0
602,17,17,17,17,100.0,100.0,100.0
603,17,17,17,17,100.0,100.0,100.0
604,17,17,17,17,100.0,100.0,100.0
605,17,17,17,17,100.0,100.0,100.0
606,17,17,17,17,100.0,100.0,100.0
607,17,17,17,17,100.0,100.0,100.0
608,17,17,17,17,100.0,100.0,100.0
609,17,17,17,17,100.0,100.0,100.0
610,17,16,15,14,94.12,88.24,82.35
611,16,15,13,13,93.75,81.25,81.25
612,16,15,13,13,93.75,81.25,81.25
613,16,16,16,16,100.0,100.0,100.0
614,16,16,16,16,100.0,100.0,100.0
615,16,16,16,16,100.0,100.0,100.0
616,16,16,16,16,100.0,100.0,100.0
617,16,16,16,16,100.0,100.0,100.0
618,16,16,16,16,100.0,100.0,100.0
619,16,16,16,16,100.0,100.0,100.0
620,16,16,16,16,100.0,100.0,100.0
621,16,16,16,16,100.0,100.0,100.0
622,16,16,16,16,100.0,100.0,100.0
623,16,16,16,16,100.0,100.0,100.0
624,16,16,16,16,100.0,100.0,100.0
625,16,16,16,16,100.0,100.0,100.0
626,16,16,16,16,100.0,100.0,100.0
627,16,16,16,16,100.0,100.0,100.0
628,16,16,16,16,100.0,100.0,100.0
629,16,16,16,16,100.0,100.0,100.0
630,16,16,16,16,100.0,100.0,100.0
631,16,16,16,16,100.0,100.0,100.0
632,16,16,16,16,100.0,100.0,100.0
633,16,16,16,16,100.0,100.0,100.0
634,16,16,16,16,100.0,100.0,100.0
635,16,16,16,16,100.0,100.0,100.0
636,16,16,16,16,100.0,100.0,100.0
637,16,16,16,16,100.0,100.0,100.0
638,16,16,16,16,100.0,100.0,100.0
639,16,16,16,16,100.0,100.0,100.0
640,16,16,16,16,100.0,100.0,100.0
641,16,16,16,16,100.0,100.0,100.0
642,16,16,16,16,100.0,100.0,100.0
643,16,16,16,16,100.0,100.0,100.0
644,16,16,16,16,100.0,100.0,100.0
645,16,16,16,16,100.0,100.0,100.0
646,16,16,16,16,100.0,100.0,100.0
647,16,16,16,16,100.0,100.0,100.0
648,16,16,16,16,100.0,100.0,100.0
649,16,16,16,16,100.0,100.0,100.0
650,16,16,16,16,100.0,100.0,100.0
651,16,16,16,16,100.0,100.0,100.0
652,16,16,16,16,100.0,100.0,100.0
653,16,16,16,16,100.0,100.0,100.0
654,16,16,16,16,100.0,100.0,100.0
655,16,16,16,16,100.0,100.0,100.0
656,16,16,16,16,100.0,100.0,100.0
657,16,16,16,16,100.0,100.0,100.0
658,16,16,16,16,100.0,100.0,100.0
659,16,16,16,16,100.0,100.0,100.0
660,16,16,16,16,100.0,100.0,100.0
661,16,16,16,16,100.0,100.0,100.0
662,16,16,16,16,100.0,100.0,100.0
663,16,16,16,16,100.0,100.0,100.0
664,16,16,16,16,100.0,100.0,100.0
665,16,16,16,16,100.0,100.0,100.0
666,16,16,16,16,100.0,100.0,100.0
667,16,16,16,16,100.0,100.0,100.0
668,16,16,16,16,100.0,100.0,100.0
669,16,16,16,16,100.0,100.0,100.0
670,16,16,16,16,100.0,100.0,100.0
671,16,16,16,16,100.0,100.0,100.0
672,16,16,16,16,100.0,100.0,100.0
673,16,16,16,16,100.0,100.0,100.0
674,16,16,16,16,100.0,100.0,100.0
675,16,16,16,16,100.0,100.0,100.0
676,16,16,16,16,100.0,100.0,100.0
677,16,16,16,16,100.0,100.0,100.0
678,16,16,16,16,100.0,100.0,100.0
679,16,16,16,16,100.0,100.0,100.0
680,16,16,16,16,100.0,100.0,100.0
681,16,16,16,16,100.0,100.0,100.0
682,16,16,16,16,100.0,100.0,100.0
683,16,16,16,16,100.0,100.0,100.0
684,16,16,16,16,100.0,100.0,100.0
685,16,16,16,16,100.0,100.0,100.0
686,16,16,16,16,100.0,100.0,100.0
687,16,16,16,16,100.0,100.0,100.0
688,16,16,16,16,100.0,100.0,100.0
689,16,16,16,16,100.0,100.0,100.0
690,16,16,16,16,100.0,100.0,100.0
691,16,16,16,16,100.0,100.0,100.0
692,16,16,16,16,100.0,100.0,100.0
693,16,16,16,16,100.0,100.0,100.0
694,16,16,16,16,100.0,100.0,100.0
695,16,16,16,16,100.0,100.0,100.0
696,16,16,16,16,100.0,100.0,100.0
697,16,16,16,16,100.0,100.0,100.0
698,16,16,16,16,100.0,100.0,100.0
699,16,16,16,16,100.0,100.0,100.0
700,16,16,16,16,100.0,100.0,100.0
701,16,16,16,16,100.0,100.0,100.0
702,16,16,16,16,100.0,100.0,100.0
703,16,16,16,16,100.0,100.0,100.0
704,16,16,16,16,100.0,100.0,100.0
705,16,16,16,16,100.0,100.0,100.0
706,16,16,16,16,100.0,100.0,100.0
707,16,16,16,16,100.0,100.0,100.0
708,16,16,16,16,100.0,100.0,100.0
709,16,16,16,16,100.0,100.0,100.0
710,16,16,16,16,100.0,100.0,100.0
711,16,16,16,16,100.0,100.0,100.0
712,16,16,16,16,100.0,100.0,100.0
713,16,16,16,16,100.0,100.0,100.0
714,16,16,16,16,100.0,100.0,100.0
715,16,16,16,16,100.0,100.0,100.0
716,16,16,16,16,100.0,100.0,100.0
717,16,16,16,16,100.0,100.0,100.0
718,16,16,16,16,100.0,100.0,100.0
719,16,16,16,16,100.0,100.0,100.0
720,16,16,16,16,100.0,100.0,100.0
721,16,16,16,16,100.0,100.0,100.0
722,16,16,16,16,100.0,100.0,100.0
723,16,16,16,16,100.0,100.0,100.0
724,16,16,16,16,100.0,100.0,100.0
725,16,16,16,16,100.0,100.0,100.0
726,16,16,16,16,100.0,100.0,100.0
727,16,16,16,16,100.0,100.0,100.0
728,16,16,16,16,100.0,100.0,100.0
729,16,16,16,16,100.0,100.0,100.0
730,16,16,16,16,100.0,100.0,100.0
731,16,16,16,16,100.0,100.0,100.0
732,16,16,16,16,100.0,100.0,100.0
733,16,16,16,16,100.0,100.0,100.0
734,16,16,16,16,100.0,100.0,100.0
735,16,16,16,16,100.0,100.0,100.0
736,16,16,16,16,100.0,100.0,100.0
737,16,16,16,16,100.0,100.0,100.0
738,16,16,16,16,100.0,100.0,100.0
739,16,16,16,16,100.0,100.0,100.0
740,16,16,16,16,100.0,100.0,100.0
741,16,16,16,16,100.0,100.0,100.0
742,16,16,16,16,100.0,100.0,100.0
743,16,16,16,16,100.0,100.0,100.0
744,16,16,16,16,100.0,100.0,100.0
745,16,16,16,16,100.0,100.0,100.0
746,16,16,16,16,100.0,100.0,100.0
747,16,16,16,16,100.0,100.0,100.0
748,16,16,16,16,100.0,100.0,100.0
749,16,16,16,16,100.0,100.0,100.0
750,16,16,16,16,100.0,100.0,100.0
751,16,16,16,16,100.0,100.0,100.0
752,16,16,16,16,100.0,100.0,100.0
753,16,16,16,16,100.0,100.0,100.0
754,16,16,16,16,100.0,100.0,100.0
755,16,16,16,16,100.0,100.0,100.0
756,16,16,16,16,100.0,100.0,100.0
757,16,16,16,16,100.0,100.0,100.0
758,16,16,16,16,100.0,100.0,100.0
759,16,16,16,16,100.0,100.0,100.0
760,16,16,16,16,100.0,100.0,100.0
761,16,16,16,16,100.0,100.0,100.0
762,16,16,16,16,100.0,100.0,100.0
763,16,16,16,16,100.0,100.0,100.0
764,16,16,16,16,100.0,100.0,100.0
765,16,16,16,16,100.0,100.0,100.0
766,16,16,16,16,100.0,100.0,100.0
767,16,16,16,16,100.0,100.0,100.0
768,16,16,16,16,100.0,100.0,100.0
769,16,16,16,16,100.0,100.0,100.0
770,16,16,16,16,100.0,100.0,100.0
771,16,16,16,16,100.0,100.0,100.0
772,16,16,16,16,100.0,100.0,100.0
773,16,16,16,16,100.0,100.0,100.0
774,16,16,16,16,100.0,100.0,100.0
775,16,16,16,16,100.0,100.0,100.0
776,16,16,16,16,100.0,100.0,100.0
777,16,16,16,16,100.0,100.0,100.0
778,16,16,16,16,100.0,100.0,100.0
779,16,16,16,16,100.0,100.0,100.0
780,16,16,16,16,100.0,100.0,100.0
781,16,16,16,16,100.0,100.0,100.0
782,16,16,16,16,100.0,100.0,100.0
783,16,16,16,16,100.0,100.0,100.0
784,16,16,16,16,100.0,100.0,100.0
785,16,16,16,16,100.0,100.0,100.0
786,16,16,16,16,100.0,100.0,100.0
787,16,16,16,16,100.0,100.0,100.0
788,16,16,16,16,100.0,100.0,100.0
789,16,16,16,16,100.0,100.0,100.0
790,16,16,16,16,100.0,100.0,100.0
791,16,16,16,16,100.0,100.0,100.0
792,16,16,16,16,100.0,100.0,100.0
793,16,16,16,16,100.0,100.0,100.0
794,16,16,16,16,100.0,100.0,100.0
795,16,16,16,16,100.0,100.0,100.0
796,16,16,16,16,100.0,100.0,100.0
797,16,16,16,16,100.0,100.0,100.0
798,16,16,16,16,100.0,100.0,100.0
799,16,16,16,16,100.0,100.0,100.0
800,16,16,16,16,100.0,100.0,100.0
801,16,16,16,16,100.0,100.0,100.0
802,16,16,16,16,100.0,100.0,100.0
803,16,16,16,16,100.0,100.0,100.0
804,16,16,16,16,100.0,100.0,100.0
805,16,16,16,16,100.0,100.0,100.0
806,16,16,16,16,100.0,100.0,100.0
807,16,16,16,16,100.0,100.0,100.0
808,16,16,16,16,100.0,100.0,100.0
809,16,16,16,16,100.0,100.0,100.0
810,16,16,16,16,100.0,100.0,100.0
811,16,16,16,16,100.0,100.0,100.0
812,16,16,16,16,100.0,100.0,100.0
813,16,15,16,15,93.75,100.0,93.75
814,16,15,13,13,93.75,81.25,81.25
815,9,9,9,9,100.0,100.0,100.0
816,9,9,9,9,100.0,100.0,100.0
817,9,9,9,9,100.0,100.0,100.0
818,9,9,9,9,100.0,100.0,100.0
819,9,9,9,9,100.0,100.0,100.0
820,9,9,9,9,100.0,100.0,100.0
821,9,9,9,9,100.0,100.0,100.0
822,9,9,9,9,100.0,100.0,100.0
823,9,9,9,9,100.0,100.0,100.0
824,9,9,9,9,100.0,100.0,100.0
825,9,9,9,9,100.0,100.0,100.0
826,9,9,9,9,100.0,100.0,100.0
827,9,9,9,9,100.0,100.0,100.0
828,9,9,9,9,100.0,100.0,100.0
829,9,9,9,9,100.0,100.0,100.0
830,9,9,9,9,100.0,100.0,100.0
831,9,9,9,9,100.0,100.0,100.0
832,9,9,9,9,100.0,100.0,100.0
833,9,9,9,9,100.0,100.0,100.0
834,9,9,9,9,100.0,100.0,100.0
835,9,9,9,9,100.0,100.0,100.0
836,9,9,9,9,100.0,100.0,100.0
837,9,9,9,9,100.0,100.0,100.0
838,9,9,9,9,100.0,100.0,100.0
839,9,9,9,9,100.0,100.0,100.0
840,9,9,9,9,100.0,100.0,100.0
841,9,9,9,9,100.0,100.0,100.0
842,9,9,9,9,100.0,100.0,100.0
843,9,9,9,9,100.0,100.0,100.0
844,9,9,9,9,100.0,100.0,100.0
845,9,9,9,9,100.0,100.0,100.0
846,9,9,9,9,100.0,100.0,100.0
847,9,9,9,9,100.0,100.0,100.0
848,9,9,9,9,100.0,100.0,100.0
849,9,9,9,9,100.0,100.0,100.0
850,9,9,9,9,100.0,100.0,100.0
851,9,9,9,9,100.0,100.0,100.0
852,9,9,9,9,100.0,100.0,100.0
853,9,9,9,9,100.0,100.0,100.0
854,9,9,9,9,100.0,100.0,100.0
855,9,9,9,9,100.0,100.0,100.0
856,9,9,9,9,100.0,100.0,100.0
857,9,9,9,9,100.0,100.0,100.0
858,9,9,9,9,100.0,100.0,100.0
859,9,9,9,9,100.0,100.0,100.0
860,9,9,9,9,100.0,100.0,100.0
861,9,9,9,9,100.0,100.0,100.0
862,9,9,9,9,100.0,100.0,100.0
863,9,9,9,9,100.0,100.0,100.0
864,9,9,9,9,100.0,100.0,100.0
865,9,9,9,9,100.0,100.0,100.0
866,9,9,9,9,100.0,100.0,100.0
867,9,9,9,9,100.0,100.0,100.0
868,9,9,9,9,100.0,100.0,100.0
869,9,9,9,9,100.0,100.0,100.0
870,9,9,9,9,100.0,100.0,100.0
871,9,9,9,9,100.0,100.0,100.0
872,9,9,9,9,100.0,100.0,100.0
873,9,9,9,9,100.0,100.0,100.0
874,9,9,9,9,100.0,100.0,100.0
875,9,9,9,9,100.0,100.0,100.0
876,9,9,9,9,100.0,100.0,100.0
877,9,9,9,9,100.0,100.0,100.0
878,9,9,9,9,100.0,100.0,100.0
879,9,9,9,9,100.0,100.0,100.0
880,9,9,9,9,100.0,100.0,100.0
881,9,9,9,9,100.0,100.0,100.0
882,9,9,9,9,100.0,100.0,100.0
883,9,9,9,9,100.0,100.0,100.0
884,9,9,9,9,100.0,100.0,100.0
885,9,9,9,9,100.0,100.0,100.0
886,9,9,9,9,100.0,100.0,100.0
887,9,9,9,9,100.0,100.0,100.0
888,9,9,9,9,100.0,100.0,100.0
889,9,9,9,9,100.0,100.0,100.0
890,9,9,9,9,100.0,100.0,100.0
891,9,9,9,9,100.0,100.0,100.0
892,9,9,9,9,100.0,100.0,100.0
893,9,9,9,9,100.0,100.0,100.0
894,9,9,9,9,100.0,100.0,100.0
895,9,9,9,9,100.0,100.0,100.0
896,9,9,9,9,100.0,100.0,100.0
897,9,9,9,9,100.0,100.0,100.0
898,9,9,9,9,100.0,100.0,100.0
899,9,9,9,9,100.0,100.0,100.0
900,9,9,9,9,100.0,100.0,100.0
901,9,9,9,9,100.0,100.0,100.0
902,9,9,9,9,100.0,100.0,100.0
903,9,9,9,9,100.0,100.0,100.0
904,9,9,9,9,100.0,100.0,100.0
905,9,9,9,9,100.0,100.0,100.0
906,9,9,9,9,100.0,100.0,100.0
907,9,9,9,9,100.0,100.0,100.0
908,9,9,9,9,100.0,100.0,100.0
909,9,9,9,9,100.0,100.0,100.0
910,9,9,9,9,100.0,100.0,100.0
911,9,9,9,9,100.0,100.0,100.0
912,9,9,9,9,100.0,100.0,100.0
913,9,9,9,9,100.0,100.0,100.0
914,9,9,9,9,100.0,100.0,100.0
915,9,9,9,9,100.0,100.0,100.0
916,9,9,9,9,100.0,100.0,100.0
917,9,9,9,9,100.0,100.0,100.0
918,9,9,9,9,100.0,100.0,100.0
919,9,9,9,9,100.0,100.0,100.0
920,9,9,9,9,100.0,100.0,100.0
921,9,9,9,9,100.0,100.0,100.0
922,9,9,9,9,100.0,100.0,100.0
923,9,9,9,9,100.0,100.0,100.0
924,9,9,9,9,100.0,100.0,100.0
925,9,9,9,9,100.0,100.0,100.0
926,9,9,9,9,100.0,100.0,100.0
927,9,9,9,9,100.0,100.0,100.0
928,9,9,9,9,100.0,100.0,100.0
929,9,9,9,9,100.0,100.0,100.0
930,9,9,9,9,100.0,100.0,100.0
931,9,9,9,9,100.0,100.0,100.0
932,9,9,9,9,100.0,100.0,100.0
933,9,9,9,9,100.0,100.0,100.0
934,9,9,9,9,100.0,100.0,100.0
935,9,9,9,9,100.0,100.0,100.0
936,9,9,9,9,100.0,100.0,100.0
937,9,9,9,9,100.0,100.0,100.0
938,9,9,9,9,100.0,100.0,100.0
939,9,9,9,9,100.0,100.0,100.0
940,9,9,9,9,100.0,100.0,100.0
941,9,9,9,9,100.0,100.0,100.0
942,9,9,9,9,100.0,100.0,100.0
943,9,9,9,9,100.0,100.0,100.0
944,9,9,9,9,100.0,100.0,100.0
945,9,9,9,9,100.0,100.0,100.0
946,9,9,9,9,100.0,100.0,100.0
947,9,9,9,9,100.0,100.0,100.0
948,9,9,9,9,100.0,100.0,100.0
949,9,9,9,9,100.0,100.0,100.0
950,9,9,9,9,100.0,100.0,100.0
951,9,9,9,9,100.0,100.0,100.0
952,9,9,9,9,100.0,100.0,100.0
953,9,9,9,9,100.0,100.0,100.0
954,9,9,9,9,100.0,100.0,100.0
955,9,9,9,9,100.0,100.0,100.0
956,9,9,9,9,100.0,100.0,100.0
957,9,9,9,9,100.0,100.0,100.0
958,9,9,9,9,100.0,100.0,100.0
959,9,9,9,9,100.0,100.0,100.0
960,9,9,9,9,100.0,100.0,100.0
961,9,9,9,9,100.0,100.0,100.0
962,9,9,9,9,100.0,100.0,100.0
963,9,9,9,9,100.0,100.0,100.0
964,9,9,9,9,100.0,100.0,100.0
965,9,9,9,9,100.0,100.0,100.0
966,9,9,9,9,100.0,100.0,100.0
967,9,9,9,9,100.0,100.0,100.0
968,9,9,9,9,100.0,100.0,100.0
969,9,9,9,9,100.0,100.0,100.0
970,9,9,9,9,100.0,100.0,100.0
971,9,9,9,9,100.0,100.0,100.0
972,9,9,9,9,100.0,100.0,100.0
973,9,9,9,9,100.0,100.0,100.0
974,9,9,9,9,100.0,100.0,100.0
975,9,9,9,9,100.0,100.0,100.0
976,9,9,9,9,100.0,100.0,100.0
977,9,9,9,9,100.0,100.0,100.0
978,9,9,9,9,100.0,100.0,100.0
979,9,9,9,9,100.0,100.0,100.0
980,9,9,9,9,100.0,100.0,100.0
981,9,9,9,9,100.0,100.0,100.0
982,9,9,9,9,100.0,100.0,100.0
983,9,9,9,9,100.0,100.0,100.0
984,9,9,9,9,100.0,100.0,100.0
985,9,9,9,9,100.0,100.0,100.0
986,9,9,9,9,100.0,100.0,100.0
987,9,9,9,9,100.0,100.0,100.0
988,9,9,9,9,100.0,100.0,100.0
989,9,9,9,9,100.0,100.0,100.0
990,9,9,9,9,100.0,100.0,100.0
991,9,9,9,9,100.0,100.0,100.0
992,9,9,9,9,100.0,100.0,100.0
993,9,9,9,9,100.0,100.0,100.0
994,9,9,9,9,100.0,100.0,100.0
995,9,9,9,9,100.0,100.0,100.0
996,9,9,9,9,100.0,100.0,100.0
997,9,9,9,9,100.0,100.0,100.0
998,9,9,9,9,100.0,100.0,100.0
999,9,9,9,9,100.0,100.0,100.0
1000,9,9,9,9,100.0,100.0,100.0
1001,9,9,9,9,100.0,100.0,100.0
1002,9,9,9,9,100.0,100.0,100.0
1003,9,9,9,9,100.0,100.0,100.0
1004,9,9,9,9,100.0,100.0,100.0
1005,9,9,9,9,100.0,100.0,100.0
1006,9,9,9,9,100.0,100.0,100.0
1007,9,9,9,9,100.0,100.0,100.0
1008,9,9,9,9,100.0,100.0,100.0
1009,9,9,9,9,100.0,100.0,100.0
1010,9,9,9,9,100.0,100.0,100.0
1011,9,9,9,9,100.0,100.0,100.0
1012,9,9,9,9,100.0,100.0,100.0
1013,9,9,9,9,100.0,100.0,100.0
1014,9,9,9,9,100.0,100.0,100.0
1015,9,9,9,9,100.0,100.0,100.0
1016,9,9,9,9,100.0,100.0,100.0
1017,9,9,9,9,100.0,100.0,100.0
1018,9,9,9,9,100.0,100.0,100.0
1019,9,9,9,9,100.0,100.0,100.0
1020,9,9,9,9,100.0,100.0,100.0
1021,9,9,9,9,100.0,100.0,100.0
1022,9,9,9,9,100.0,100.0,100.0
1023,9,9,9,9,100.0,100.0,100.0
1024,9,9,9,9,100.0,100.0,100.0
1025,9,9,9,9,100.0,100.0,100.0
1026,9,9,9,9,100.0,100.0,100.0
1027,9,9,9,9,100.0,100.0,100.0
1028,9,9,9,9,100.0,100.0,100.0
1029,9,9,9,9,100.0,100.0,100.0
1030,9,9,9,9,100.0,100.0,100.0
1031,9,9,9,9,100.0,100.0,100.0
1032,9,9,9,9,100.0,100.0,100.0
1033,9,9,9,9,100.0,100.0,100.0
1034,9,9,9,9,100.0,100.0,100.0
1035,9,9,9,9,100.0,100.0,100.0
1036,9,9,9,9,100.0,100.0,100.0
1037,9,9,9,9,100.0,100.0,100.0
1038,9,9,9,9,100.0,100.0,100.0
1039,9,9,9,9,100.0,100.0,100.0
1040,9,9,9,9,100.0,100.0,100.0
1041,9,9,9,9,100.0,100.0,100.0
1042,9,9,9,9,100.0,100.0,100.0
1043,9,9,9,9,100.0,100.0,100.0
1044,9,9,9,9,100.0,100.0,100.0
1045,9,9,9,9,100.0,100.0,100.0
1046,9,9,9,9,100.0,100.0,100.0
1047,9,9,9,9,100.0,100.0,100.0
1048,9,9,9,9,100.0,100.0,100.0
1049,9,9,9,9,100.0,100.0,100.0
1050,9,9,9,9,100.0,100.0,100.0
1051,9,9,9,9,100.0,100.0,100.0
1052,9,9,9,9,100.0,100.0,100.0
1053,9,9,9,9,100.0,100.0,100.0
1054,8,8,8,8,100.0,100.0,100.0
1055,8,8,8,8,100.0,100.0,100.0
1056,8,8,8,8,100.0,100.0,100.0
1057,8,8,8,8,100.0,100.0,100.0
1058,8,8,8,8,100.0,100.0,100.0
1059,8,8,8,8,100.0,100.0,100.0
1060,8,8,8,8,100.0,100.0,100.0
1061,8,8,8,8,100.0,100.0,100.0
1062,8,8,8,8,100.0,100.0,100.0
1063,8,8,8,8,100.0,100.0,100.0
1064,8,8,8,8,100.0,100.0,100.0
1065,8,8,8,8,100.0,100.0,100.0
1066,8,8,8,8,100.0,100.0,100.0
1067,8,8,8,8,100.0,100.0,100.0
1068,8,8,8,8,100.0,100.0,100.0
1069,8,8,8,8,100.0,100.0,100.0
1070,8,8,8,8,100.0,100.0,100.0
1071,8,8,8,8,100.0,100.0,100.0
1072,8,8,8,8,100.0,100.0,100.0
1073,8,8,8,8,100.0,100.0,100.0
1074,8,8,8,8,100.0,100.0,100.0
1075,8,8,8,8,100.0,100.0,100.0
1076,8,8,8,8,100.0,100.0,100.0
1077,8,8,8,8,100.0,100.0,100.0
1078,8,8,8,8,100.0,100.0,100.0
1079,8,8,8,8,100.0,100.0,100.0
1080,8,8,8,8,100.0,100.0,100.0
1081,8,8,8,8,100.0,100.0,100.0
1082,8,8,8,8,100.0,100.0,100.0
1083,8,8,8,8,100.0,100.0,100.0
1084,8,8,8,8,100.0,100.0,100.0
1085,8,8,8,8,100.0,100.0,100.0
1086,8,8,8,8,100.0,100.0,100.0
1087,8,8,8,8,100.0,100.0,100.0
1088,8,8,8,8,100.0,100.0,100.0
1089,8,8,8,8,100.0,100.0,100.0
1090,8,8,8,8,100.0,100.0,100.0
1091,8,8,8,8,100.0,100.0,100.0
1092,8,8,8,8,100.0,100.0,100.0
1093,8,8,8,8,100.0,100.0,100.0
1094,8,8,8,8,100.0,100.0,100.0
1095,8,8,8,8,100.0,100.0,100.0
1096,8,8,8,8,100.0,100.0,100.0
1097,8,8,8,8,100.0,100.0,100.0
1098,8,8,8,8,100.0,100.0,100.0
1099,8,8,8,8,100.0,100.0,100.0
1100,8,8,8,8,100.0,100.0,100.0
1101,8,8,8,8,100.0,100.0,100.0
1102,8,8,8,8,100.0,100.0,100.0
1103,8,8,8,8,100.0,100.0,100.0
1104,8,8,8,8,100.0,100.0,100.0
1105,8,8,8,8,100.0,100.0,100.0
1106,8,8,8,8,100.0,100.0,100.0
1107,8,8,8,8,100.0,100.0,100.0
1108,8,8,8,8,100.0,100.0,100.0
1109,8,8,8,8,100.0,100.0,100.0
1110,8,8,8,8,100.0,100.0,100.0
1111,8,8,8,8,100.0,100.0,100.0
1112,8,8,8,8,100.0,100.0,100.0
1113,8,8,8,8,100.0,100.0,100.0
1114,8,8,8,8,100.0,100.0,100.0
1115,8,8,8,8,100.0,100.0,100.0
1116,8,8,8,8,100.0,100.0,100.0
1117,8,8,8,8,100.0,100.0,100.0
1118,8,8,8,8,100.0,100.0,100.0
1119,8,8,8,8,100.0,100.0,100.0
1120,8,8,8,8,100.0,100.0,100.0
1121,8,8,8,8,100.0,100.0,100.0
1122,8,8,8,8,100.0,100.0,100.0
1123,8,8,8,8,100.0,100.0,100.0
1124,8,8,8,8,100.0,100.0,100.0
1125,8,8,8,8,100.0,100.0,100.0
1126,8,8,8,8,100.0,100.0,100.0
1127,8,8,8,8,100.0,100.0,100.0
1128,8,8,8,8,100.0,100.0,100.0
1129,8,8,8,8,100.0,100.0,100.0
1130,8,8,8,8,100.0,100.0,100.0
1131,8,8,8,8,100.0,100.0,100.0
1132,8,8,8,8,100.0,100.0,100.0
1133,8,8,8,8,100.0,100.0,100.0
1134,8,8,8,8,100.0,100.0,100.0
1135,8,8,8,8,100.0,100.0,100.0
1136,8,8,8,8,100.0,100.0,100.0
1137,8,8,8,8,100.0,100.0,100.0
1138,8,8,8,8,100.0,100.0,100.0
1139,8,8,8,8,100.0,100.0,100.0
1140,8,8,8,8,100.0,100.0,100.0
1141,8,8,8,8,100.0,100.0,100.0
1142,8,8,8,8,100.0,100.0,100.0
1143,8,8,8,8,100.0,100.0,100.0
1144,8,8,8,8,100.0,100.0,100.0
1145,8,8,8,8,100.0,100.0,100.0
1146,8,8,8,8,100.0,100.0,100.0
1147,8,8,8,8,100.0,100.0,100.0
1148,8,8,8,8,100.0,100.0,100.0
1149,8,8,8,8,100.0,100.0,100.0
1150,8,8,8,8,100.0,100.0,100.0
1151,8,8,8,8,100.0,100.0,100.0
1152,8,8,8,8,100.0,100.0,100.0
1153,8,8,8,8,100.0,100.0,100.0
1154,8,8,8,8,100.0,100.0,100.0
1155,8,8,8,8,100.0,100.0,100.0
1156,8,8,8,8,100.0,100.0,100.0
1157,8,8,8,8,100.0,100.0,100.0
1158,8,8,8,8,100.0,100.0,100.0
1159,8,8,8,8,100.0,100.0,100.0
1160,8,8,8,8,100.0,100.0,100.0
1161,8,8,8,8,100.0,100.0,100.0
1162,8,8,8,8,100.0,100.0,100.0
1163,8,8,8,8,100.0,100.0,100.0
1164,8,8,8,8,100.0,100.0,100.0
1165,8,8,8,8,100.0,100.0,100.0
1166,8,8,8,8,100.0,100.0,100.0
1167,8,8,8,8,100.0,100.0,100.0
1168,8,8,8,8,100.0,100.0,100.0
1169,8,8,8,8,100.0,100.0,100.0
1170,8,8,8,8,100.0,100.0,100.0
1171,8,8,8,8,100.0,100.0,100.0
1172,8,8,8,8,100.0,100.0,100.0
1173,8,8,8,8,100.0,100.0,100.0
1174,8,8,8,8,100.0,100.0,100.0
1175,8,8,8,8,100.0,100.0,100.0
1176,8,8,8,8,100.0,100.0,100.0
1177,8,8,8,8,100.0,100.0,100.0
1178,8,8,8,8,100.0,100.0,100.0
1179,8,8,8,8,100.0,100.0,100.0
1180,8,8,8,8,100.0,100.0,100.0
1181,8,8,8,8,100.0,100.0,100.0
1182,8,8,8,8,100.0,100.0,100.0
1183,8,8,8,8,100.0,100.0,100.0
1184,8,8,8,8,100.0,100.0,100.0
1185,8,8,8,8,100.0,100.0,100.0
1186,8,8,8,8,100.0,100.0,100.0
1187,8,8,8,8,100.0,100.0,100.0
1188,8,8,8,8,100.0,100.0,100.0
1189,8,8,8,8,100.0,100.0,100.0
1190,8,8,8,8,100.0,100.0,100.0
1191,8,8,8,8,100.0,100.0,100.0
1192,8,8,8,8,100.0,100.0,100.0
1193,8,8,8,8,100.0,100.0,100.0
1194,8,8,8,8,100.0,100.0,100.0
1195,8,8,8,8,100.0,100.0,100.0
1196,8,8,8,8,100.0,100.0,100.0
1197,8,8,8,8,100.0,100.0,100.0
1198,8,8,8,8,100.0,100.0,100.0
1199,8,8,8,8,100.0,100.0,100.0
1200,8,8,8,8,100.0,100.0,100.0
1201,8,8,8,8,100.0,100.0,100.0
1202,8,8,8,8,100.0,100.0,100.0
1203,8,8,8,8,100.0,100.0,100.0
1204,8,8,8,8,100.0,100.0,100.0
1205,8,8,8,8,100.0,100.0,100.0
1206,8,8,8,8,100.0,100.0,100.0
1207,8,8,8,8,100.0,100.0,100.0
1208,8,8,8,8,100.0,100.0,100.0
1209,8,8,8,8,100.0,100.0,100.0
1210,8,8,8,8,100.0,100.0,100.0
1211,8,8,8,8,100.0,100.0,100.0
1212,8,8,8,8,100.0,100.0,100.0
1213,8,8,8,8,100.0,100.0,100.0
1214,8,8,8,8,100.0,100.0,100.0
1215,8,8,8,8,100.0,100.0,100.0
1216,8,8,8,8,100.0,100.0,100.0
1217,8,8,8,8,100.0,100.0,100.0
1218,8,8,8,8,100.0,100.0,100.0
1219,8,8,8,8,100.0,100.0,100.0
1220,8,8,8,8,100.0,100.0,100.0
1221,8,8,8,8,100.0,100.0,100.0
1222,8,8,8,8,100.0,100.0,100.0
1223,8,8,8,8,100.0,100.0,100.0
1224,8,8,8,8,100.0,100.0,100.0
1225,8,8,8,8,100.0,100.0,100.0
1226,8,8,8,8,100.0,100.0,100.0
1227,8,8,8,8,100.0,100.0,100.0
1228,8,8,8,8,100.0,100.0,100.0
1229,8,8,8,8,100.0,100.0,100.0
1230,8,8,8,8,100.0,100.0,100.0
1231,8,8,8,8,100.0,100.0,100.0
1232,8,8,8,8,100.0,100.0,100.0
1233,8,8,8,8,100.0,100.0,100.0
1234,8,8,8,8,100.0,100.0,100.0
1235,8,8,8,8,100.0,100.0,100.0
1236,8,8,8,8,100.0,100.0,100.0
1237,8,8,8,8,100.0,100.0,100.0
1238,8,8,8,8,100.0,100.0,100.0
1239,8,8,8,8,100.0,100.0,100.0
1240,8,8,8,8,100.0,100.0,100.0
1241,8,8,8,8,100.0,100.0,100.0
1242,8,8,8,8,100.0,100.0,100.0
1243,8,8,8,8,100.0,100.0,100.0
1244,8,8,8,8,100.0,100.0,100.0
1245,8,8,8,8,100.0,100.0,100.0
1246,8,8,8,8,100.0,100.0,100.0
1247,8,8,8,8,100.0,100.0,100.0
1248,8,8,8,8,100.0,100.0,100.0
1249,8,8,8,8,100.0,100.0,100.0
1250,8,8,8,8,100.0,100.0,100.0
1251,8,8,8,8,100.0,100.0,100.0
1252,8,8,8,8,100.0,100.0,100.0
1253,8,8,8,8,100.0,100.0,100.0
1254,8,8,8,8,100.0,100.0,100.0
1255,8,8,8,8,100.0,100.0,100.0
1256,8,8,8,8,100.0,100.0,100.0
1257,8,8,8,8,100.0,100.0,100.0
1258,8,8,8,8,100.0,100.0,100.0
1259,8,8,8,8,100.0,100.0,100.0
1260,8,8,8,8,100.0,100.0,100.0
1261,8,8,8,8,100.0,100.0,100.0
1262,8,8,8,8,100.0,100.0,100.0
1263,8,8,8,8,100.0,100.0,100.0
1264,8,8,8,8,100.0,100.0,100.0
1265,8,8,8,8,100.0,100.0,100.0
1266,8,8,8,8,100.0,100.0,100.0
1267,8,8,8,8,100.0,100.0,100.0
1268,8,8,8,8,100.0,100.0,100.0
1269,8,8,8,8,100.0,100.0,100.0
1270,8,8,8,8,100.0,100.0,100.0
1271,8,8,8,8,100.0,100.0,100.0
1272,8,8,8,8,100.0,100.0,100.0
1273,8,8,8,8,100.0,100.0,100.0
1274,8,8,8,8,100.0,100.0,100.0
1275,8,8,8,8,100.0,100.0,100.0
1276,8,8,8,8,100.0,100.0,100.0
1277,8,8,8,8,100.0,100.0,100.0
1278,8,8,8,8,100.0,100.0,100.0
1279,8,8,8,8,100.0,100.0,100.0
1280,8,8,8,8,100.0,100.0,100.0
1281,8,8,8,8,100.0,100.0,100.0
1282,8,8,8,8,100.0,100.0,100.0
1283,8,8,8,8,100.0,100.0,100.0
1284,8,8,8,8,100.0,100.0,100.0
1285,8,8,8,8,100.0,100.0,100.0
1286,8,8,8,8,100.0,100.0,100.0
1287,8,8,8,8,100.0,100.0,100.0
1288,8,8,8,8,100.0,100.0,100.0
1289,8,8,8,8,100.0,100.0,100.0
1290,8,8,8,8,100.0,100.0,100.0
1291,8,8,8,8,100.0,100.0,100.0
1292,8,8,8,8,100.0,100.0,100.0
1293,8,8,8,8,100.0,100.0,100.0
1294,8,8,8,8,100.0,100.0,100.0
1295,8,8,8,8,100.0,100.0,100.0
1296,8,8,8,8,100.0,100.0,100.0
1297,8,8,8,8,100.0,100.0,100.0
1298,8,8,8,8,100.0,100.0,100.0
1299,8,8,8,8,100.0,100.0,100.0
1300,8,8,8,8,100.0,100.0,100.0
1301,8,8,8,8,100.0,100.0,100.0
1302,8,8,8,8,100.0,100.0,100.0
1303,8,8,8,8,100.0,100.0,100.0
1304,8,8,8,8,100.0,100.0,100.0
1305,8,8,8,8,100.0,100.0,100.0
1306,8,8,8,8,100.0,100.0,100.0
1307,8,8,8,8,100.0,100.0,100.0
1308,8,8,8,8,100.0,100.0,100.0
1309,8,8,8,8,100.0,100.0,100.0
1310,8,8,8,8,100.0,100.0,100.0
1311,8,8,8,8,100.0,100.0,100.0
1312,8,8,8,8,100.0,100.0,100.0
1313,8,8,8,8,100.0,100.0,100.0
1314,8,8,8,8,100.0,100.0,100.0
1315,8,8,8,8,100.0,100.0,100.0
1316,8,8,8,8,100.0,100.0,100.0
1317,8,8,8,8,100.0,100.0,100.0
1318,8,8,8,8,100.0,100.0,100.0
1319,8,8,8,8,100.0,100.0,100.0
1320,8,8,8,8,100.0,100.0,100.0
1321,8,8,8,8,100.0,100.0,100.0
1322,8,8,8,8,100.0,100.0,100.0
1323,8,8,8,8,100.0,100.0,100.0
1324,8,8,8,8,100.0,100.0,100.0
1325,8,8,8,8,100.0,100.0,100.0
1326,8,8,8,8,100.0,100.0,100.0
1327,8,8,8,8,100.0,100.0,100.0
1328,8,8,8,8,100.0,100.0,100.0
1329,8,8,8,8,100.0,100.0,100.0
1330,8,8,8,8,100.0,100.0,100.0
1331,8,8,8,8,100.0,100.0,100.0
1332,8,8,8,8,100.0,100.0,100.0
1333,8,8,8,8,100.0,100.0,100.0
1334,8,8,8,8,100.0,100.0,100.0
1335,8,8,8,8,100.0,100.0,100.0
1336,8,8,8,8,100.0,100.0,100.0
1337,8,8,8,8,100.0,100.0,100.0
1338,8,8,8,8,100.0,100.0,100.0
1339,8,8,8,8,100.0,100.0,100.0
1340,8,8,8,8,100.0,100.0,100.0
1341,8,8,8,8,100.0,100.0,100.0
1342,8,8,8,8,100.0,100.0,100.0
1343,8,8,8,8,100.0,100.0,100.0
1344,8,8,8,8,100.0,100.0,100.0
1345,8,8,8,8,100.0,100.0,100.0
1346,8,8,8,8,100.0,100.0,100.0
1347,8,8,8,8,100.0,100.0,100.0
1348,8,8,8,8,100.0,100.0,100.0
1349,8,8,8,8,100.0,100.0,100.0
1350,8,8,8,8,100.0,100.0,100.0
1351,8,8,8,8,100.0,100.0,100.0
1352,8,8,8,8,100.0,100.0,100.0
1353,8,8,8,8,100.0,100.0,100.0
1354,8,8,8,8,100.0,100.0,100.0
1355,8,8,8,8,100.0,100.0,100.0
1356,8,8,8,8,100.0,100.0,100.0
1357,8,8,8,8,100.0,100.0,100.0
1358,8,8,8,8,100.0,100.0,100.0
1359,8,8,8,8,100.0,100.0,100.0
1360,8,8,8,8,100.0,100.0,100.0
1361,8,8,8,8,100.0,100.0,100.0
1362,8,8,8,8,100.0,100.0,100.0
1363,8,8,8,8,100.0,100.0,100.0
1364,8,8,8,8,100.0,100.0,100.0
1365,8,8,8,8,100.0,100.0,100.0
1366,8,8,8,8,100.0,100.0,100.0
1367,8,8,8,8,100.0,100.0,100.0
1368,8,8,8,8,100.0,100.0,100.0
1369,8,8,8,8,100.0,100.0,100.0
1370,8,8,8,8,100.0,100.0,100.0
1371,8,8,8,8,100.0,100.0,100.0
1372,8,8,8,8,100.0,100.0,100.0
1373,8,8,8,8,100.0,100.0,100.0
1374,8,8,8,8,100.0,100.0,100.0
1375,8,8,8,8,100.0,100.0,100.0
1376,8,8,8,8,100.0,100.0,100.0
1377,8,8,8,8,100.0,100.0,100.0
1378,8,8,8,8,100.0,100.0,100.0
1379,8,8,8,8,100.0,100.0,100.0
1380,8,8,8,8,100.0,100.0,100.0
1381,8,8,8,8,100.0,100.0,100.0
1382,8,8,8,8,100.0,100.0,100.0
1383,8,8,8,8,100.0,100.0,100.0
1384,8,8,8,8,100.0,100.0,100.0
1385,8,8,8,8,100.0,100.0,100.0
1386,8,8,8,8,100.0,100.0,100.0
1387,8,8,8,8,100.0,100.0,100.0
1388,8,8,8,8,100.0,100.0,100.0
1389,8,8,8,8,100.0,100.0,100.0
1390,8,8,8,8,100.0,100.0,100.0
1391,8,8,8,8,100.0,100.0,100.0
1392,8,8,8,8,100.0,100.0,100.0
1393,8,8,8,8,100.0,100.0,100.0
1394,8,8,8,8,100.0,100.0,100.0
1395,8,8,8,8,100.0,100.0,100.0
1396,8,8,8,8,100.0,100.0,100.0
1397,8,8,8,8,100.0,100.0,100.0
1398,8,8,8,8,100.0,100.0,100.0
1399,8,8,8,8,100.0,100.0,100.0
1400,8,8,8,8,100.0,100.0,100.0
1401,8,8,8,8,100.0,100.0,100.0
1402,8,8,8,8,100.0,100.0,100.0
1403,8,8,8,8,100.0,100.0,100.0
1404,8,8,8,8,100.0,100.0,100.0
1405,8,8,8,8,100.0,100.0,100.0
1406,8,8,8,8,100.0,100.0,100.0
1407,8,8,8,8,100.0,100.0,100.0
1408,8,8,8,8,100.0,100.0,100.0
1409,8,8,8,8,100.0,100.0,100.0
1410,8,8,8,8,100.0,100.0,100.0
1411,8,8,8,8,100.0,100.0,100.0
1412,8,8,8,8,100.0,100.0,100.0
1413,8,8,8,8,100.0,100.0,100.0
1414,8,8,8,8,100.0,100.0,100.0
1415,8,8,8,8,100.0,100.0,100.0
1416,8,8,8,8,100.0,100.0,100.0
1417,8,8,8,8,100.0,100.0,100.0
1418,8,8,8,8,100.0,100.0,100.0
1419,8,8,8,8,100.0,100.0,100.0
1420,8,8,8,8,100.0,100.0,100.0
1421,8,8,8,8,100.0,100.0,100.0
1422,8,8,8,8,100.0,100.0,100.0
1423,8,8,8,8,100.0,100.0,100.0
1424,8,8,8,8,100.0,100.0,100.0
1425,8,8,8,8,100.0,100.0,100.0
1426,8,8,8,8,100.0,100.0,100.0
1427,8,8,8,8,100.0,100.0,100.0
1428,8,8,8,8,100.0,100.0,100.0
1429,8,8,8,8,100.0,100.0,100.0
1430,8,8,8,8,100.0,100.0,100.0
1431,8,8,8,8,100.0,100.0,100.0
1432,8,8,8,8,100.0,100.0,100.0
1433,8,8,8,8,100.0,100.0,100.0
1434,8,8,8,8,100.0,100.0,100.0
1435,8,8,8,8,100.0,100.0,100.0
1436,8,8,8,8,100.0,100.0,100.0
1437,8,8,8,8,100.0,100.0,100.0
1438,8,8,8,8,100.0,100.0,100.0
1439,8,8,8,8,100.0,100.0,100.0
1440,8,8,8,8,100.0,100.0,100.0
1441,8,8,8,8,100.0,100.0,100.0
1442,8,8,8,8,100.0,100.0,100.0
1443,8,8,8,8,100.0,100.0,100.0
1444,8,8,8,8,100.0,100.0,100.0
1445,8,8,8,8,100.0,100.0,100.0
1446,8,8,8,8,100.0,100.0,100.0
1447,8,8,8,8,100.0,100.0,100.0
1448,8,8,8,8,100.0,100.0,100.0
1449,8,8,8,8,100.0,100.0,100.0
1450,8,8,8,8,100.0,100.0,100.0
1451,8,8,8,8,100.0,100.0,100.0
1452,8,8,8,8,100.0,100.0,100.0
1453,8,8,8,8,100.0,100.0,100.0
1454,8,8,8,8,100.0,100.0,100.0
1455,8,8,8,8,100.0,100.0,100.0
1456,8,8,8,8,100.0,100.0,100.0
1457,8,8,8,8,100.0,100.0,100.0
1458,8,8,8,8,100.0,100.0,100.0
1459,8,8,8,8,100.0,100.0,100.0
1460,8,8,8,8,100.0,100.0,100.0
1461,8,8,8,8,100.0,100.0,100.0
1462,8,8,8,8,100.0,100.0,100.0
1463,8,8,8,8,100.0,100.0,100.0
1464,8,8,8,8,100.0,100.0,100.0
1465,8,8,8,8,100.0,100.0,100.0
1466,8,8,8,8,100.0,100.0,100.0
1467,8,8,8,8,100.0,100.0,100.0
1468,8,8,8,8,100.0,100.0,100.0
1469,8,8,8,8,100.0,100.0,100.0
1470,8,8,8,8,100.0,100.0,100.0
1471,8,8,8,8,100.0,100.0,100.0
1472,8,8,8,8,100.0,100.0,100.0
1473,8,8,8,8,100.0,100.0,100.0
1474,8,8,8,8,100.0,100.0,100.0
1475,8,8,8,8,100.0,100.0,100.0
1476,8,8,8,8,100.0,100.0,100.0
1477,8,8,8,8,100.0,100.0,100.0
1478,8,8,8,8,100.0,100.0,100.0
1479,8,8,8,8,100.0,100.0,100.0
1480,8,8,8,8,100.0,100.0,100.0
1481,8,8,8,8,100.0,100.0,100.0
1482,8,8,8,8,100.0,100.0,100.0
1483,8,8,8,8,100.0,100.0,100.0
1484,8,8,8,8,100.0,100.0,100.0
1485,8,8,8,8,100.0,100.0,100.0
1486,8,8,8,8,100.0,100.0,100.0
1487,8,8,8,8,100.0,100.0,100.0
1488,8,8,8,8,100.0,100.0,100.0
1489,8,8,8,8,100.0,100.0,100.0
1490,8,8,8,8,100.0,100.0,100.0
1491,8,8,8,8,100.0,100.0,100.0
1492,8,8,8,8,100.0,100.0,100.0
1493,8,8,8,8,100.0,100.0,100.0
1494,8,8,8,8,100.0,100.0,100.0
1495,8,8,8,8,100.0,100.0,100.0
1496,8,8,8,8,100.0,100.0,100.0
1497,8,8,8,8,100.0,100.0,100.0
1498,8,8,8,8,100.0,100.0,100.0
1499,8,8,8,8,100.0,100.0,100.0
1500,8,8,8,8,100.0,100.0,100.0
1501,8,8,8,8,100.0,100.0,100.0
1502,8,8,8,8,100.0,100.0,100.0
1503,8,8,8,8,100.0,100.0,100.0
1504,8,8,8,8,100.0,100.0,100.0
1505,8,8,8,8,100.0,100.0,100.0
1506,8,8,8,8,100.0,100.0,100.0
1507,8,8,8,8,100.0,100.0,100.0
1508,8,8,8,8,100.0,100.0,100.0
1509,8,8,8,8,100.0,100.0,100.0
1510,8,8,8,8,100.0,100.0,100.0
1511,8,8,8,8,100.0,100.0,100.0
1512,8,8,8,8,100.0,100.0,100.0
1513,8,8,8,8,100.0,100.0,100.0
1514,8,8,8,8,100.0,100.0,100.0
1515,8,8,8,8,100.0,100.0,100.0
1516,8,8,8,8,100.0,100.0,100.0
1517,8,8,8,8,100.0,100.0,100.0
1518,8,8,8,8,100.0,100.0,100.0
1519,8,8,8,8,100.0,100.0,100.0
1520,8,8,8,8,100.0,100.0,100.0
1521,8,8,8,8,100.0,100.0,100.0
1522,8,8,8,8,100.0,100.0,100.0
1523,8,8,8,8,100.0,100.0,100.0
1524,8,8,8,8,100.0,100.0,100.0
1525,8,8,8,8,100.0,100.0,100.0
1526,8,8,8,8,100.0,100.0,100.0
1527,8,8,8,8,100.0,100.0,100.0
1528,8,8,8,8,100.0,100.0,100.0
1529,8,8,8,8,100.0,100.0,100.0
1530,8,8,8,8,100.0,100.0,100.0
1531,8,8,8,8,100.0,100.0,100.0
1532,8,8,8,8,100.0,100.0,100.0
1533,8,8,8,8,100.0,100.0,100.0
1534,8,8,8,8,100.0,100.0,100.0
1535,8,8,8,8,100.0,100.0,100.0
1536,8,8,8,8,100.0,100.0,100.0
1537,8,8,8,8,100.0,100.0,100.0
1538,8,8,8,8,100.0,100.0,100.0
1539,8,8,8,8,100.0,100.0,100.0
1540,8,8,8,8,100.0,100.0,100.0
1541,8,8,8,8,100.0,100.0,100.0
1542,8,8,8,8,100.0,100.0,100.0
1543,8,8,8,8,100.0,100.0,100.0
1544,8,8,8,8,100.0,100.0,100.0
1545,8,8,8,8,100.0,100.0,100.0
1546,8,8,8,8,100.0,100.0,100.0
1547,8,8,8,8,100.0,100.0,100.0
1548,8,8,8,8,100.0,100.0,100.0
1549,8,8,8,8,100.0,100.0,100.0
1550,8,8,8,8,100.0,100.0,100.0
1551,8,8,8,8,100.0,100.0,100.0
1552,8,8,8,8,100.0,100.0,100.0
1553,8,8,8,8,100.0,100.0,100.0
1554,8,8,8,8,100.0,100.0,100.0
1555,8,8,8,8,100.0,100.0,100.0
1556,8,8,8,8,100.0,100.0,100.0
1557,8,8,8,8,100.0,100.0,100.0
1558,8,8,8,8,100.0,100.0,100.0
1559,8,8,8,8,100.0,100.0,100.0
1560,8,8,8,8,100.0,100.0,100.0
1561,8,8,8,8,100.0,100.0,100.0
1562,8,8,8,8,100.0,100.0,100.0
1563,8,8,8,8,100.0,100.0,100.0
1564,8,8,8,8,100.0,100.0,100.0
1565,8,8,8,8,100.0,100.0,100.0
1566,8,8,8,8,100.0,100.0,100.0
1567,8,8,8,8,100.0,100.0,100.0
1568,8,8,8,8,100.0,100.0,100.0
1569,8,8,8,8,100.0,100.0,100.0
1570,8,8,8,8,100.0,100.0,100.0
1571,8,8,8,8,100.0,100.0,100.0
1572,8,8,8,8,100.0,100.0,100.0
1573,8,8,8,8,100.0,100.0,100.0
1574,8,8,8,8,100.0,100.0,100.0
1575,8,8,8,8,100.0,100.0,100.0
1576,8,8,8,8,100.0,100.0,100.0
1577,8,8,8,8,100.0,100.0,100.0
1578,8,8,8,8,100.0,100.0,100.0
1579,8,8,8,8,100.0,100.0,100.0
1580,8,8,8,8,100.0,100.0,100.0
1581,8,8,8,8,100.0,100.0,100.0
1582,8,8,8,8,100.0,100.0,100.0
1583,8,8,8,8,100.0,100.0,100.0
1584,8,8,8,8,100.0,100.0,100.0
1585,8,8,8,8,100.0,100.0,100.0
1586,8,8,8,8,100.0,100.0,100.0
1587,8,8,8,8,100.0,100.0,100.0
1588,8,8,8,8,100.0,100.0,100.0
1589,8,8,8,8,100.0,100.0,100.0
1590,8,8,8,8,100.0,100.0,100.0
1591,8,8,8,8,100.0,100.0,100.0
1592,8,8,8,8,100.0,100.0,100.0
1593,8,8,8,8,100.0,100.0,100.0
1594,8,8,8,8,100.0,100.0,100.0
1595,8,8,8,8,100.0,100.0,100.0
1596,8,8,8,8,100.0,100.0,100.0
1597,8,8,8,8,100.0,100.0,100.0
1598,8,8,8,8,100.0,100.0,100.0
1599,8,8,8,8,100.0,100.0,100.0
1600,8,8,8,8,100.0,100.0,100.0
1601,8,8,8,8,100.0,100.0,100.0
1602,8,8,8,8,100.0,100.0,100.0
1603,8,8,8,8,100.0,100.0,100.0
1604,8,8,8,8,100.0,100.0,100.0
1605,8,8,8,8,100.0,100.0,100.0
1606,8,8,8,8,100.0,100.0,100.0
1607,8,8,8,8,100.0,100.0,100.0
1608,8,8,8,8,100.0,100.0,100.0
1609,8,8,8,8,100.0,100.0,100.0
1610,8,8,8,8,100.0,100.0,100.0
1611,8,8,8,8,100.0,100.0,100.0
1612,8,8,8,8,100.0,100.0,100.0
1613,8,8,8,8,100.0,100.0,100.0
1614,8,8,8,8,100.0,100.0,100.0
1615,8,8,8,8,100.0,100.0,100.0
1616,8,8,8,8,100.0,100.0,100.0
1617,8,8,8,8,100.0,100.0,100.0
1618,8,8,8,8,100.0,100.0,100.0
1619,8,8,8,8,100.0,100.0,100.0
1620,8,8,8,8,100.0,100.0,100.0
1621,8,8,8,8,100.0,100.0,100.0
1622,8,8,8,8,100.0,100.0,100.0
1623,8,8,8,8,100.0,100.0,100.0
1624,8,8,8,8,100.0,100.0,100.0
1625,8,8,8,8,100.0,100.0,100.0
1626,8,8,8,8,100.0,100.0,100.0
1627,8,8,8,8,100.0,100.0,100.0
1628,8,8,8,8,100.0,100.0,100.0
1629,8,8,8,8,100.0,100.0,100.0
1630,8,8,8,8,100.0,100.0,100.0
1631,8,8,8,8,100.0,100.0,100.0
1632,8,8,8,8,100.0,100.0,100.0
1633,8,8,8,8,100.0,100.0,100.0
1634,8,8,8,8,100.0,100.0,100.0
1635,8,8,8,8,100.0,100.0,100.0
1636,8,8,8,8,100.0,100.0,100.0
1637,8,8,8,8,100.0,100.0,100.0
1638,8,8,8,8,100.0,100.0,100.0
1639,8,8,8,8,100.0,100.0,100.0
1640,8,8,8,8,100.0,100.0,100.0
1641,8,8,8,8,100.0,100.0,100.0
1642,8,8,8,8,100.0,100.0,100.0
1643,8,8,8,8,100.0,100.0,100.0
1644,8,8,8,8,100.0,100.0,100.0
1645,8,8,8,8,100.0,100.0,100.0
1646,8,8,8,8,100.0,100.0,100.0
1647,8,8,8,8,100.0,100.0,100.0
1648,8,8,8,8,100.0,100.0,100.0
1649,8,8,8,8,100.0,100.0,100.0
1650,8,8,8,8,100.0,100.0,100.0
1651,8,8,8,8,100.0,100.0,100.0
1652,8,8,8,8,100.0,100.0,100.0
1653,8,8,8,8,100.0,100.0,100.0
1654,8,8,8,8,100.0,100.0,100.0
1655,8,8,8,8,100.0,100.0,100.0
1656,8,8,8,8,100.0,100.0,100.0
1657,8,8,8,8,100.0,100.0,100.0
1658,8,8,8,8,100.0,100.0,100.0
1659,8,8,8,8,100.0,100.0,100.0
1660,8,8,8,8,100.0,100.0,100.0
1661,8,8,8,8,100.0,100.0,100.0
1662,8,8,8,8,100.0,100.0,100.0
1663,8,8,8,8,100.0,100.0,100.0
1664,8,8,8,8,100.0,100.0,100.0
1665,8,8,8,8,100.0,100.0,100.0
1666,8,8,8,8,100.0,100.0,100.0
1667,8,8,8,8,100.0,100.0,100.0
1668,8,8,8,8,100.0,100.0,100.0
1669,8,8,8,8,100.0,100.0,100.0
1670,8,8,8,8,100.0,100.0,100.0
1671,8,8,8,8,100.0,100.0,100.0
1672,8,8,8,8,100.0,100.0,100.0
1673,8,8,8,8,100.0,100.0,100.0
1674,8,8,8,8,100.0,100.0,100.0
1675,8,8,8,8,100.0,100.0,100.0
1676,8,8,8,8,100.0,100.0,100.0
1677,8,8,8,8,100.0,100.0,100.0
1678,8,8,8,8,100.0,100.0,100.0
1679,8,8,8,8,100.0,100.0,100.0
1680,8,8,8,8,100.0,100.0,100.0
1681,8,8,8,8,100.0,100.0,100.0
1682,8,8,8,8,100.0,100.0,100.0
1683,8,8,8,8,100.0,100.0,100.0
1684,8,8,8,8,100.0,100.0,100.0
1685,8,8,8,8,100.0,100.0,100.0
1686,8,8,8,8,100.0,100.0,100.0
1687,8,8,8,8,100.0,100.0,100.0
1688,8,8,8,8,100.0,100.0,100.0
1689,8,8,8,8,100.0,100.0,100.0
1690,8,8,8,8,100.0,100.0,100.0
1691,8,8,8,8,100.0,100.0,100.0
1692,8,8,8,8,100.0,100.0,100.0
1693,8,8,8,8,100.0,100.0,100.0
1694,8,8,8,8,100.0,100.0,100.0
1695,8,8,8,8,100.0,100.0,100.0
1696,8,8,8,8,100.0,100.0,100.0
1697,8,8,8,8,100.0,100.0,100.0
1698,8,8,8,8,100.0,100.0,100.0
1699,8,8,8,8,100.0,100.0,100.0
1700,8,8,8,8,100.0,100.0,100.0
1701,8,8,8,8,100.0,100.0,100.0
1702,8,8,8,8,100.0,100.0,100.0
1703,8,8,8,8,100.0,100.0,100.0
1704,8,8,8,8,100.0,100.0,100.0
1705,8,8,8,8,100.0,100.0,100.0
1706,8,8,8,8,100.0,100.0,100.0
1707,8,8,8,8,100.0,100.0,100.0
1708,8,8,8,8,100.0,100.0,100.0
1709,8,8,8,8,100.0,100.0,100.0
1710,8,8,8,8,100.0,100.0,100.0
1711,8,8,8,8,100.0,100.0,100.0
1712,8,8,8,8,100.0,100.0,100.0
1713,8,8,8,8,100.0,100.0,100.0
1714,8,8,8,8,100.0,100.0,100.0
1715,8,8,8,8,100.0,100.0,100.0
1716,8,8,8,8,100.0,100.0,100.0
1717,8,8,8,8,100.0,100.0,100.0
1718,8,8,8,8,100.0,100.0,100.0
1719,8,8,8,8,100.0,100.0,100.0
1720,8,8,8,8,100.0,100.0,100.0
1721,8,8,8,8,100.0,100.0,100.0
1722,8,8,8,8,100.0,100.0,100.0
1723,8,8,8,8,100.0,100.0,100.0
1724,8,8,8,8,100.0,100.0,100.0
1725,8,8,8,8,100.0,100.0,100.0
1726,8,8,8,8,100.0,100.0,100.0
1727,8,8,8,8,100.0,100.0,100.0
1728,8,8,8,8,100.0,100.0,100.0
1729,8,8,8,8,100.0,100.0,100.0
1730,8,8,8,8,100.0,100.0,100.0
1731,8,8,8,8,100.0,100.0,100.0
1732,8,8,8,8,100.0,100.0,100.0
1733,8,8,8,8,100.0,100.0,100.0
1734,8,8,8,8,100.0,100.0,100.0
1735,8,8,8,8,100.0,100.0,100.0
1736,8,8,8,8,100.0,100.0,100.0
1737,8,8,8,8,100.0,100.0,100.0
1738,8,8,8,8,100.0,100.0,100.0
1739,8,8,8,8,100.0,100.0,100.0
1740,8,8,8,8,100.0,100.0,100.0
1741,8,8,8,8,100.0,100.0,100.0
1742,8,8,8,8,100.0,100.0,100.0
1743,8,8,8,8,100.0,100.0,100.0
1744,8,8,8,8,100.0,100.0,100.0
1745,8,8,8,8,100.0,100.0,100.0
1746,8,8,8,8,100.0,100.0,100.0
1747,8,8,8,8,100.0,100.0,100.0
1748,8,8,8,8,100.0,100.0,100.0
1749,8,8,8,8,100.0,100.0,100.0
1750,8,8,8,8,100.0,100.0,100.0
1751,8,8,8,8,100.0,100.0,100.0
1752,8,8,8,8,100.0,100.0,100.0
1753,8,8,8,8,100.0,100.0,100.0
1754,8,8,8,8,100.0,100.0,100.0
1755,8,8,8,8,100.0,100.0,100.0
1756,8,8,8,8,100.0,100.0,100.0
1757,8,8,8,8,100.0,100.0,100.0
1758,8,8,8,8,100.0,100.0,100.0
1759,8,8,8,8,100.0,100.0,100.0
1760,8,8,8,8,100.0,100.0,100.0
1761,8,8,8,8,100.0,100.0,100.0
1762,8,8,8,8,100.0,100.0,100.0
1763,8,8,8,8,100.0,100.0,100.0
1764,8,8,8,8,100.0,100.0,100.0
1765,8,8,8,8,100.0,100.0,100.0
1766,8,8,8,8,100.0,100.0,100.0
1767,8,8,8,8,100.0,100.0,100.0
1768,8,8,8,8,100.0,100.0,100.0
1769,8,8,8,8,100.0,100.0,100.0
1770,8,8,8,8,100.0,100.0,100.0
1771,8,8,8,8,100.0,100.0,100.0
1772,8,8,8,8,100.0,100.0,100.0
1773,8,8,8,8,100.0,100.0,100.0
1774,8,8,8,8,100.0,100.0,100.0
1775,8,8,8,8,100.0,100.0,100.0
1776,8,8,8,8,100.0,100.0,100.0
1777,8,8,8,8,100.0,100.0,100.0
1778,8,8,8,8,100.0,100.0,100.0
1779,8,8,8,8,100.0,100.0,100.0
1780,8,8,8,8,100.0,100.0,100.0
1781,8,8,8,8,100.0,100.0,100.0
1782,8,8,8,8,100.0,100.0,100.0
1783,8,8,8,8,100.0,100.0,100.0
1784,8,8,8,8,100.0,100.0,100.0
1785,8,8,8,8,100.0,100.0,100.0
1786,8,8,8,8,100.0,100.0,100.0
1787,8,8,8,8,100.0,100.0,100.0
1788,8,8,8,8,100.0,100.0,100.0
1789,8,8,8,8,100.0,100.0,100.0
1790,8,8,8,8,100.0,100.0,100.0
1791,8,8,8,8,100.0,100.0,100.0
1792,8,8,8,8,100.0,100.0,100.0
1793,8,8,8,8,100.0,100.0,100.0
1794,8,8,8,8,100.0,100.0,100.0
1795,8,8,8,8,100.0,100.0,100.0
1796,8,8,8,8,100.0,100.0,100.0
1797,8,8,8,8,100.0,100.0,100.0
1798,8,8,8,8,100.0,100.0,100.0
1799,8,8,8,8,100.0,100.0,100.0
1800,8,8,8,8,100.0,100.0,100.0
1801,8,8,8,8,100.0,100.0,100.0
1802,8,8,8,8,100.0,100.0,100.0
1803,8,8,8,8,100.0,100.0,100.0
1804,8,8,8,8,100.0,100.0,100.0
1805,8,8,8,8,100.0,100.0,100.0
1806,8,8,8,8,100.0,100.0,100.0
1807,8,8,8,8,100.0,100.0,100.0
1808,8,8,8,8,100.0,100.0,100.0
1809,8,8,8,8,100.0,100.0,100.0
1810,8,8,8,8,100.0,100.0,100.0
1811,8,8,8,8,100.0,100.0,100.0
1812,8,8,8,8,100.0,100.0,100.0
1813,8,8,8,8,100.0,100.0,100.0
1814,8,8,8,8,100.0,100.0,100.0
1815,8,8,8,8,100.0,100.0,100.0
1816,8,8,8,8,100.0,100.0,100.0
1817,8,8,8,8,100.0,100.0,100.0
1818,8,8,8,8,100.0,100.0,100.0
1819,8,8,8,8,100.0,100.0,100.0
1820,8,8,8,8,100.0,100.0,100.0
1821,8,8,8,8,100.0,100.0,100.0
1822,8,8,8,8,100.0,100.0,100.0
1823,8,8,8,8,100.0,100.0,100.0
1824,8,8,8,8,100.0,100.0,100.0
1825,8,8,8,8,100.0,100.0,100.0
1826,8,8,8,8,100.0,100.0,100.0
1827,8,8,8,8,100.0,100.0,100.0
1828,8,8,8,8,100.0,100.0,100.0
1829,8,8,8,8,100.0,100.0,100.0
1830,8,8,8,8,100.0,100.0,100.0
1831,8,8,8,8,100.0,100.0,100.0
1832,8,8,8,8,100.0,100.0,100.0
1833,8,8,8,8,100.0,100.0,100.0
1834,8,8,8,8,100.0,100.0,100.0
1835,8,8,8,8,100.0,100.0,100.0
1836,8,8,8,8,100.0,100.0,100.0
1837,8,8,8,8,100.0,100.0,100.0
1838,7,7,7,7,100.0,100.0,100.0
1839,7,7,7,7,100.0,100.0,100.0
1840,7,7,7,7,100.0,100.0,100.0
1841,7,7,7,7,100.0,100.0,100.0
1842,7,7,7,7,100.0,100.0,100.0
1843,7,7,7,7,100.0,100.0,100.0
1844,7,7,7,7,100.0,100.0,100.0
1845,7,7,7,7,100.0,100.0,100.0
1846,7,7,7,7,100.0,100.0,100.0
1847,7,7,7,7,100.0,100.0,100.0
1848,7,7,7,7,100.0,100.0,100.0
1849,7,7,7,7,100.0,100.0,100.0
1850,7,7,7,7,100.0,100.0,100.0
1851,7,7,7,7,100.0,100.0,100.0
1852,7,7,7,7,100.0,100.0,100.0
1853,7,7,7,7,100.0,100.0,100.0
1854,7,7,7,7,100.0,100.0,100.0
1855,7,7,7,7,100.0,100.0,100.0
1856,7,7,7,7,100.0,100.0,100.0
1857,7,7,7,7,100.0,100.0,100.0
1858,7,7,7,7,100.0,100.0,100.0
1859,7,7,7,7,100.0,100.0,100.0
1860,7,7,7,7,100.0,100.0,100.0
1861,7,7,7,7,100.0,100.0,100.0
1862,7,7,7,7,100.0,100.0,100.0
1863,7,7,7,7,100.0,100.0,100.0
1864,7,7,7,7,100.0,100.0,100.0
1865,7,7,7,7,100.0,100.0,100.0
1866,7,7,7,7,100.0,100.0,100.0
1867,7,7,7,7,100.0,100.0,100.0
1868,7,7,7,7,100.0,100.0,100.0
1869,7,7,7,7,100.0,100.0,100.0
1870,7,7,7,7,100.0,100.0,100.0
1871,7,7,7,7,100.0,100.0,100.0
1872,7,7,7,7,100.0,100.0,100.0
1873,7,7,7,7,100.0,100.0,100.0
1874,7,7,7,7,100.0,100.0,100.0
1875,7,7,7,7,100.0,100.0,100.0
1876,7,7,7,7,100.0,100.0,100.0
1877,7,7,7,7,100.0,100.0,100.0
1878,7,7,7,7,100.0,100.0,100.0
1879,7,7,7,7,100.0,100.0,100.0
1880,7,7,7,7,100.0,100.0,100.0
1881,7,7,7,7,100.0,100.0,100.0
1882,7,7,7,7,100.0,100.0,100.0
1883,7,7,7,7,100.0,100.0,100.0
1884,7,7,7,7,100.0,100.0,100.0
1885,7,7,7,7,100.0,100.0,100.0
1886,7,7,7,7,100.0,100.0,100.0
1887,7,7,7,7,100.0,100.0,100.0
1888,7,7,7,7,100.0,100.0,100.0
1889,7,7,7,7,100.0,100.0,100.0
1890,7,7,7,7,100.0,100.0,100.0
1891,7,7,7,7,100.0,100.0,100.0
1892,7,7,7,7,100.0,100.0,100.0
1893,7,7,7,7,100.0,100.0,100.0
1894,7,7,7,7,100.0,100.0,100.0
1895,7,7,7,7,100.0,100.0,100.0
1896,7,7,7,7,100.0,100.0,100.0
1897,7,7,7,7,100.0,100.0,100.0
1898,7,7,7,7,100.0,100.0,100.0
1899,7,7,7,7,100.0,100.0,100.0
1900,7,7,7,7,100.0,100.0,100.0
1901,7,7,7,7,100.0,100.0,100.0
1902,7,7,7,7,100.0,100.0,100.0
1903,7,7,7,7,100.0,100.0,100.0
1904,7,7,7,7,100.0,100.0,100.0
1905,7,7,7,7,100.0,100.0,100.0
1906,7,7,7,7,100.0,100.0,100.0
1907,7,7,7,7,100.0,100.0,100.0
1908,7,7,7,7,100.0,100.0,100.0
1909,7,7,7,7,100.0,100.0,100.0
1910,7,7,7,7,100.0,100.0,100.0
1911,7,7,7,7,100.0,100.0,100.0
1912,7,7,7,7,100.0,100.0,100.0
1913,7,7,7,7,100.0,100.0,100.0
1914,7,7,7,7,100.0,100.0,100.0
1915,7,7,7,7,100.0,100.0,100.0
1916,7,7,7,7,100.0,100.0,100.0
1917,7,7,7,7,100.0,100.0,100.0
1918,7,7,7,7,100.0,100.0,100.0
1919,7,7,7,7,100.0,100.0,100.0
1920,7,7,7,7,100.0,100.0,100.0
1921,7,7,7,7,100.0,100.0,100.0
1922,7,7,7,7,100.0,100.0,100.0
1923,7,7,7,7,100.0,100.0,100.0
1924,7,7,7,7,100.0,100.0,100.0
1925,7,7,7,7,100.0,100.0,100.0
1926,7,7,7,7,100.0,100.0,100.0
1927,7,7,7,7,100.0,100.0,100.0
1928,7,7,7,7,100.0,100.0,100.0
1929,7,7,7,7,100.0,100.0,100.0
1930,7,7,7,7,100.0,100.0,100.0
1931,7,7,7,7,100.0,100.0,100.0
1932,7,7,7,7,100.0,100.0,100.0
1933,7,7,7,7,100.0,100.0,100.0
1934,7,7,7,7,100.0,100.0,100.0
1935,7,7,7,7,100.0,100.0,100.0
1936,7,7,7,7,100.0,100.0,100.0
1937,7,7,7,7,100.0,100.0,100.0
1938,7,7,7,7,100.0,100.0,100.0
1939,7,7,7,7,100.0,100.0,100.0
1940,7,7,7,7,100.0,100.0,100.0
1941,7,7,7,7,100.0,100.0,100.0
1942,7,7,7,7,100.0,100.0,100.0
1943,7,7,7,7,100.0,100.0,100.0
1944,7,7,7,7,100.0,100.0,100.0
1945,7,7,7,7,100.0,100.0,100.0
1946,7,7,7,7,100.0,100.0,100.0
1947,7,7,7,7,100.0,100.0,100.0
1948,7,7,7,7,100.0,100.0,100.0
1949,7,7,7,7,100.0,100.0,100.0
1950,7,7,7,7,100.0,100.0,100.0
1951,7,7,7,7,100.0,100.0,100.0
1952,7,7,7,7,100.0,100.0,100.0
1953,7,7,7,7,100.0,100.0,100.0
1954,7,7,7,7,100.0,100.0,100.0
1955,7,7,7,7,100.0,100.0,100.0
1956,7,7,7,7,100.0,100.0,100.0
1957,7,7,7,7,100.0,100.0,100.0
1958,7,7,7,7,100.0,100.0,100.0
1959,7,7,7,7,100.0,100.0,100.0
1960,7,7,7,7,100.0,100.0,100.0
1961,7,7,7,7,100.0,100.0,100.0
1962,7,7,7,7,100.0,100.0,100.0
1963,7,7,7,7,100.0,100.0,100.0
1964,7,7,7,7,100.0,100.0,100.0
1965,7,7,7,7,100.0,100.0,100.0
1966,7,7,7,7,100.0,100.0,100.0
1967,7,7,7,7,100.0,100.0,100.0
1968,7,7,7,7,100.0,100.0,100.0
1969,7,7,7,7,100.0,100.0,100.0
1970,7,7,7,7,100.0,100.0,100.0
1971,7,7,7,7,100.0,100.0,100.0
1972,7,7,7,7,100.0,100.0,100.0
1973,7,7,7,7,100.0,100.0,100.0
1974,7,7,7,7,100.0,100.0,100.0
1975,7,7,7,7,100.0,100.0,100.0
1976,7,7,7,7,100.0,100.0,100.0
1977,7,7,7,7,100.0,100.0,100.0
1978,7,7,7,7,100.0,100.0,100.0
1979,7,7,7,7,100.0,100.0,100.0
1980,7,7,7,7,100.0,100.0,100.0
1981,7,7,7,7,100.0,100.0,100.0
1982,7,7,7,7,100.0,100.0,100.0
1983,7,7,7,7,100.0,100.0,100.0
1984,7,7,7,7,100.0,100.0,100.0
1985,7,7,7,7,100.0,100.0,100.0
1986,7,7,7,7,100.0,100.0,100.0
1987,7,7,7,7,100.0,100.0,100.0
1988,7,7,7,7,100.0,100.0,100.0
1989,7,7,7,7,100.0,100.0,100.0
1990,7,7,7,7,100.0,100.0,100.0
1991,7,7,7,7,100.0,100.0,100.0
1992,7,7,7,7,100.0,100.0,100.0
1993,7,7,7,7,100.0,100.0,100.0
1994,7,7,7,7,100.0,100.0,100.0
1995,7,7,7,7,100.0,100.0,100.0
1996,7,7,7,7,100.0,100.0,100.0
1997,7,7,7,7,100.0,100.0,100.0
1998,7,7,7,7,100.0,100.0,100.0
1999,7,7,7,7,100.0,100.0,100.0
2000,7,7,7,7,100.0,100.0,100.0
2001,7,7,7,7,100.0,100.0,100.0
2002,7,7,7,7,100.0,100.0,100.0
2003,7,7,7,7,100.0,100.0,100.0
2004,7,7,7,7,100.0,100.0,100.0
2005,7,7,7,7,100.0,100.0,100.0
2006,6,6,6,6,100.0,100.0,100.0
2007,6,6,6,6,100.0,100.0,100.0
2008,6,6,6,6,100.0,100.0,100.0
2009,6,6,6,6,100.0,100.0,100.0
2010,6,6,6,6,100.0,100.0,100.0
2011,6,6,6,6,100.0,100.0,100.0
2012,6,6,6,6,100.0,100.0,100.0
2013,6,6,6,6,100.0,100.0,100.0
2014,6,6,6,6,100.0,100.0,100.0
2015,6,6,6,6,100.0,100.0,100.0
2016,6,6,6,6,100.0,100.0,100.0
2017,6,6,6,6,100.0,100.0,100.0
2018,6,6,6,6,100.0,100.0,100.0
2019,6,6,6,6,100.0,100.0,100.0
2020,6,6,6,6,100.0,100.0,100.0
2021,6,6,6,6,100.0,100.0,100.0
2022,6,6,6,6,100.0,100.0,100.0
2023,6,6,6,6,100.0,100.0,100.0
2024,6,6,6,6,100.0,100.0,100.0
2025,6,6,6,6,100.0,100.0,100.0
2026,6,6,6,6,100.0,100.0,100.0
2027,6,6,6,6,100.0,100.0,100.0
2028,6,6,6,6,100.0,100.0,100.0
2029,6,6,6,6,100.0,100.0,100.0
2030,6,6,6,6,100.0,100.0,100.0
2031,6,6,6,6,100.0,100.0,100.0
2032,6,6,6,6,100.0,100.0,100.0
2033,6,6,6,6,100.0,100.0,100.0
2034,6,6,6,6,100.0,100.0,100.0
2035,6,6,6,6,100.0,100.0,100.0
2036,6,6,6,6,100.0,100.0,100.0
2037,6,6,6,6,100.0,100.0,100.0
2038,6,6,6,6,100.0,100.0,100.0
2039,6,6,6,6,100.0,100.0,100.0
2040,6,6,6,6,100.0,100.0,100.0
2041,6,6,6,6,100.0,100.0,100.0
2042,6,6,6,6,100.0,100.0,100.0
2043,6,6,6,6,100.0,100.0,100.0
2044,6,6,6,6,100.0,100.0,100.0
2045,6,6,6,6,100.0,100.0,100.0
2046,6,6,6,6,100.0,100.0,100.0
2047,6,6,6,6,100.0,100.0,100.0
2048,6,6,6,6,100.0,100.0,100.0
2049,6,6,6,6,100.0,100.0,100.0
2050,6,6,6,6,100.0,100.0,100.0
2051,6,6,6,6,100.0,100.0,100.0
2052,6,6,6,6,100.0,100.0,100.0
2053,6,6,6,6,100.0,100.0,100.0
2054,6,6,6,6,100.0,100.0,100.0
2055,6,6,6,6,100.0,100.0,100.0
2056,6,6,6,6,100.0,100.0,100.0
2057,6,6,6,6,100.0,100.0,100.0
2058,6,6,6,6,100.0,100.0,100.0
2059,6,6,6,6,100.0,100.0,100.0
2060,6,6,6,6,100.0,100.0,100.0
2061,6,6,6,6,100.0,100.0,100.0
2062,6,6,6,6,100.0,100.0,100.0
2063,6,6,6,6,100.0,100.0,100.0
2064,6,6,6,6,100.0,100.0,100.0
2065,6,6,6,6,100.0,100.0,100.0
2066,6,6,6,6,100.0,100.0,100.0
2067,6,6,6,6,100.0,100.0,100.0
2068,6,6,6,6,100.0,100.0,100.0
2069,6,6,6,6,100.0,100.0,100.0
2070,6,6,6,6,100.0,100.0,100.0
2071,6,6,6,6,100.0,100.0,100.0
2072,6,6,6,6,100.0,100.0,100.0
2073,6,6,6,6,100.0,100.0,100.0
2074,6,6,6,6,100.0,100.0,100.0
2075,6,6,6,6,100.0,100.0,100.0
2076,6,6,6,6,100.0,100.0,100.0
2077,6,6,6,6,100.0,100.0,100.0
2078,6,6,6,6,100.0,100.0,100.0
2079,6,6,6,6,100.0,100.0,100.0
2080,6,6,6,6,100.0,100.0,100.0
2081,6,6,6,6,100.0,100.0,100.0
2082,6,6,6,6,100.0,100.0,100.0
2083,6,6,6,6,100.0,100.0,100.0
2084,6,6,6,6,100.0,100.0,100.0
2085,6,6,6,6,100.0,100.0,100.0
2086,6,6,6,6,100.0,100.0,100.0
2087,6,6,6,6,100.0,100.0,100.0
2088,6,6,6,6,100.0,100.0,100.0
2089,6,6,6,6,100.0,100.0,100.0
2090,6,6,6,6,100.0,100.0,100.0
2091,6,6,6,6,100.0,100.0,100.0
2092,6,6,6,6,100.0,100.0,100.0
2093,6,6,6,6,100.0,100.0,100.0
2094,6,6,6,6,100.0,100.0,100.0
2095,6,6,6,6,100.0,100.0,100.0
2096,6,6,6,6,100.0,100.0,100.0
2097,6,6,6,6,100.0,100.0,100.0
2098,6,6,6,6,100.0,100.0,100.0
2099,6,6,6,6,100.0,100.0,100.0
2100,6,6,6,6,100.0,100.0,100.0
2101,6,6,6,6,100.0,100.0,100.0
2102,6,6,6,6,100.0,100.0,100.0
2103,6,6,6,6,100.0,100.0,100.0
2104,6,6,6,6,100.0,100.0,100.0
2105,6,6,6,6,100.0,100.0,100.0
2106,6,6,6,6,100.0,100.0,100.0
2107,6,6,6,6,100.0,100.0,100.0
2108,6,6,6,6,100.0,100.0,100.0
2109,6,6,6,6,100.0,100.0,100.0
2110,6,6,6,6,100.0,100.0,100.0
2111,6,6,6,6,100.0,100.0,100.0
2112,6,6,6,6,100.0,100.0,100.0
2113,6,6,6,6,100.0,100.0,100.0
2114,6,6,6,6,100.0,100.0,100.0
2115,6,6,6,6,100.0,100.0,100.0
2116,6,6,6,6,100.0,100.0,100.0
2117,6,6,6,6,100.0,100.0,100.0
2118,6,6,6,6,100.0,100.0,100.0
2119,6,6,6,6,100.0,100.0,100.0
2120,6,6,6,6,100.0,100.0,100.0
2121,6,6,6,6,100.0,100.0,100.0
2122,6,6,6,6,100.0,100.0,100.0
2123,6,6,6,6,100.0,100.0,100.0
2124,6,6,6,6,100.0,100.0,100.0
2125,6,6,6,6,100.0,100.0,100.0
2126,6,6,6,6,100.0,100.0,100.0
2127,6,6,6,6,100.0,100.0,100.0
2128,6,6,6,6,100.0,100.0,100.0
2129,6,6,6,6,100.0,100.0,100.0
2130,6,6,6,6,100.0,100.0,100.0
2131,6,6,6,6,100.0,100.0,100.0
2132,6,6,6,6,100.0,100.0,100.0
2133,6,6,6,6,100.0,100.0,100.0
2134,6,6,6,6,100.0,100.0,100.0
2135,6,6,6,6,100.0,100.0,100.0
2136,6,6,6,6,100.0,100.0,100.0
2137,6,6,6,6,100.0,100.0,100.0
2138,6,6,6,6,100.0,100.0,100.0
2139,6,6,6,6,100.0,100.0,100.0
2140,6,6,6,6,100.0,100.0,100.0
2141,6,6,6,6,100.0,100.0,100.0
2142,6,6,6,6,100.0,100.0,100.0
2143,6,6,6,6,100.0,100.0,100.0
2144,6,6,6,6,100.0,100.0,100.0
2145,6,6,6,6,100.0,100.0,100.0
2146,6,6,6,6,100.0,100.0,100.0
2147,6,6,6,6,100.0,100.0,100.0
2148,6,6,6,6,100.0,100.0,100.0
2149,6,6,6,6,100.0,100.0,100.0
2150,6,6,6,6,100.0,100.0,100.0
2151,6,6,6,6,100.0,100.0,100.0
2152,6,6,6,6,100.0,100.0,100.0
2153,6,6,6,6,100.0,100.0,100.0
2154,6,6,6,6,100.0,100.0,100.0
2155,6,6,6,6,100.0,100.0,100.0
2156,6,6,6,6,100.0,100.0,100.0
2157,6,6,6,6,100.0,100.0,100.0
2158,6,6,6,6,100.0,100.0,100.0
2159,6,6,6,6,100.0,100.0,100.0
2160,6,6,6,6,100.0,100.0,100.0
2161,6,6,6,6,100.0,100.0,100.0
2162,6,6,6,6,100.0,100.0,100.0
2163,6,6,6,6,100.0,100.0,100.0
2164,6,6,6,6,100.0,100.0,100.0
2165,6,6,6,6,100.0,100.0,100.0
2166,6,6,6,6,100.0,100.0,100.0
2167,6,6,6,6,100.0,100.0,100.0
2168,6,6,6,6,100.0,100.0,100.0
2169,6,6,6,6,100.0,100.0,100.0
2170,6,6,6,6,100.0,100.0,100.0
2171,6,6,6,6,100.0,100.0,100.0
2172,6,6,6,6,100.0,100.0,100.0
2173,6,6,6,6,100.0,100.0,100.0
2174,6,6,6,6,100.0,100.0,100.0
2175,6,6,6,6,100.0,100.0,100.0
2176,6,6,6,6,100.0,100.0,100.0
2177,6,6,6,6,100.0,100.0,100.0
2178,6,6,6,6,100.0,100.0,100.0
2179,6,6,6,6,100.0,100.0,100.0
2180,6,6,6,6,100.0,100.0,100.0
2181,6,6,6,6,100.0,100.0,100.0
2182,6,6,6,6,100.0,100.0,100.0
2183,6,6,6,6,100.0,100.0,100.0
2184,6,6,6,6,100.0,100.0,100.0
2185,6,6,6,6,100.0,100.0,100.0
2186,6,6,6,6,100.0,100.0,100.0
2187,6,6,6,6,100.0,100.0,100.0
2188,6,6,6,6,100.0,100.0,100.0
2189,6,6,6,6,100.0,100.0,100.0
2190,6,6,6,6,100.0,100.0,100.0
2191,6,6,6,6,100.0,100.0,100.0
2192,6,6,6,6,100.0,100.0,100.0
2193,6,6,6,6,100.0,100.0,100.0
2194,6,6,6,6,100.0,100.0,100.0
2195,6,6,6,6,100.0,100.0,100.0
2196,6,6,6,6,100.0,100.0,100.0
2197,6,6,6,6,100.0,100.0,100.0
2198,6,6,6,6,100.0,100.0,100.0
2199,6,6,6,6,100.0,100.0,100.0
2200,6,6,6,6,100.0,100.0,100.0
2201,6,6,6,6,100.0,100.0,100.0
2202,6,6,6,6,100.0,100.0,100.0
2203,6,6,6,6,100.0,100.0,100.0
2204,6,6,6,6,100.0,100.0,100.0
2205,6,6,6,6,100.0,100.0,100.0
2206,6,6,6,6,100.0,100.0,100.0
2207,6,6,6,6,100.0,100.0,100.0
2208,6,6,6,6,100.0,100.0,100.0
2209,6,6,6,6,100.0,100.0,100.0
2210,6,6,6,6,100.0,100.0,100.0
2211,6,6,6,6,100.0,100.0,100.0
2212,6,6,6,6,100.0,100.0,100.0
2213,6,6,6,6,100.0,100.0,100.0
2214,6,6,6,6,100.0,100.0,100.0
2215,6,6,6,6,100.0,100.0,100.0
2216,6,6,6,6,100.0,100.0,100.0
2217,6,6,6,6,100.0,100.0,100.0
2218,6,6,6,6,100.0,100.0,100.0
2219,6,6,6,6,100.0,100.0,100.0
2220,6,6,6,6,100.0,100.0,100.0
2221,6,6,6,6,100.0,100.0,100.0
2222,6,6,6,6,100.0,100.0,100.0
2223,6,6,6,6,100.0,100.0,100.0
2224,6,6,6,6,100.0,100.0,100.0
2225,6,6,6,6,100.0,100.0,100.0
2226,6,6,6,6,100.0,100.0,100.0
2227,6,6,6,6,100.0,100.0,100.0
2228,6,6,6,6,100.0,100.0,100.0
2229,6,6,6,6,100.0,100.0,100.0
2230,6,6,6,6,100.0,100.0,100.0
2231,6,6,6,6,100.0,100.0,100.0
2232,6,6,6,6,100.0,100.0,100.0
2233,6,6,6,6,100.0,100.0,100.0
2234,6,6,6,6,100.0,100.0,100.0
2235,6,6,6,6,100.0,100.0,100.0
2236,6,6,6,6,100.0,100.0,100.0
2237,6,6,6,6,100.0,100.0,100.0
2238,6,6,6,6,100.0,100.0,100.0
2239,6,6,6,6,100.0,100.0,100.0
2240,6,6,6,6,100.0,100.0,100.0
2241,6,6,6,6,100.0,100.0,100.0
2242,6,6,6,6,100.0,100.0,100.0
2243,6,6,6,6,100.0,100.0,100.0
2244,6,6,6,6,100.0,100.0,100.0
2245,6,6,6,6,100.0,100.0,100.0
2246,6,6,6,6,100.0,100.0,100.0
2247,6,6,6,6,100.0,100.0,100.0
2248,6,6,6,6,100.0,100.0,100.0
2249,6,6,6,6,100.0,100.0,100.0
2250,6,6,6,6,100.0,100.0,100.0
2251,6,6,6,6,100.0,100.0,100.0
2252,6,6,6,6,100.0,100.0,100.0
2253,6,6,6,6,100.0,100.0,100.0
2254,6,6,6,6,100.0,100.0,100.0
2255,6,6,6,6,100.0,100.0,100.0
2256,6,6,6,6,100.0,100.0,100.0
2257,6,6,6,6,100.0,100.0,100.0
2258,6,6,6,6,100.0,100.0,100.0
2259,6,6,6,6,100.0,100.0,100.0
2260,6,6,6,6,100.0,100.0,100.0
2261,6,6,6,6,100.0,100.0,100.0
2262,6,6,6,6,100.0,100.0,100.0
2263,6,6,6,6,100.0,100.0,100.0
2264,6,6,6,6,100.0,100.0,100.0
2265,6,6,6,6,100.0,100.0,100.0
2266,6,6,6,6,100.0,100.0,100.0
2267,6,6,6,6,100.0,100.0,100.0
2268,6,6,6,6,100.0,100.0,100.0
2269,6,6,6,6,100.0,100.0,100.0
2270,6,6,6,6,100.0,100.0,100.0
2271,6,6,6,6,100.0,100.0,100.0
2272,6,6,6,6,100.0,100.0,100.0
2273,6,6,6,6,100.0,100.0,100.0
2274,6,6,6,6,100.0,100.0,100.0
2275,6,6,6,6,100.0,100.0,100.0
2276,6,6,6,6,100.0,100.0,100.0
2277,6,6,6,6,100.0,100.0,100.0
2278,6,6,6,6,100.0,100.0,100.0
2279,6,6,6,6,100.0,100.0,100.0
2280,6,6,6,6,100.0,100.0,100.0
2281,6,6,6,6,100.0,100.0,100.0
2282,6,6,6,6,100.0,100.0,100.0
2283,6,6,6,6,100.0,100.0,100.0
2284,6,6,6,6,100.0,100.0,100.0
2285,6,6,6,6,100.0,100.0,100.0
2286,6,6,6,6,100.0,100.0,100.0
2287,6,6,6,6,100.0,100.0,100.0
2288,6,6,6,6,100.0,100.0,100.0
2289,6,6,6,6,100.0,100.0,100.0
2290,6,6,6,6,100.0,100.0,100.0
2291,6,6,6,6,100.0,100.0,100.0
2292,6,6,6,6,100.0,100.0,100.0
2293,6,6,6,6,100.0,100.0,100.0
2294,6,6,6,6,100.0,100.0,100.0
2295,6,6,6,6,100.0,100.0,100.0
2296,6,6,6,6,100.0,100.0,100.0
2297,6,6,6,6,100.0,100.0,100.0
2298,6,6,6,6,100.0,100.0,100.0
2299,6,6,6,6,100.0,100.0,100.0
2300,6,6,6,6,100.0,100.0,100.0
2301,6,6,6,6,100.0,100.0,100.0
2302,6,6,6,6,100.0,100.0,100.0
2303,6,6,6,6,100.0,100.0,100.0
2304,6,6,6,6,100.0,100.0,100.0
2305,6,6,6,6,100.0,100.0,100.0
2306,6,6,6,6,100.0,100.0,100.0
2307,6,6,6,6,100.0,100.0,100.0
2308,6,6,6,6,100.0,100.0,100.0
2309,6,6,6,6,100.0,100.0,100.0
2310,6,6,6,6,100.0,100.0,100.0
2311,6,6,6,6,100.0,100.0,100.0
2312,6,6,6,6,100.0,100.0,100.0
2313,6,6,6,6,100.0,100.0,100.0
2314,6,6,6,6,100.0,100.0,100.0
2315,6,6,6,6,100.0,100.0,100.0
2316,6,6,6,6,100.0,100.0,100.0
2317,6,6,6,6,100.0,100.0,100.0
2318,6,6,6,6,100.0,100.0,100.0
2319,6,6,6,6,100.0,100.0,100.0
2320,6,6,6,6,100.0,100.0,100.0
2321,6,6,6,6,100.0,100.0,100.0
2322,6,6,6,6,100.0,100.0,100.0
2323,6,6,6,6,100.0,100.0,100.0
2324,6,6,6,6,100.0,100.0,100.0
2325,6,6,6,6,100.0,100.0,100.0
2326,6,6,6,6,100.0,100.0,100.0
2327,6,6,6,6,100.0,100.0,100.0
2328,6,6,6,6,100.0,100.0,100.0
2329,6,6,6,6,100.0,100.0,100.0
2330,6,6,6,6,100.0,100.0,100.0
2331,6,6,6,6,100.0,100.0,100.0
2332,6,6,6,6,100.0,100.0,100.0
2333,6,6,6,6,100.0,100.0,100.0
2334,6,6,6,6,100.0,100.0,100.0
2335,6,6,6,6,100.0,100.0,100.0
2336,6,6,6,6,100.0,100.0,100.0
2337,6,6,6,6,100.0,100.0,100.0
2338,6,6,6,6,100.0,100.0,100.0
2339,6,6,6,6,100.0,100.0,100.0
2340,6,6,6,6,100.0,100.0,100.0
2341,6,6,6,6,100.0,100.0,100.0
2342,6,6,6,6,100.0,100.0,100.0
2343,6,6,6,6,100.0,100.0,100.0
2344,6,6,6,6,100.0,100.0,100.0
2345,6,6,6,6,100.0,100.0,100.0
2346,6,6,6,6,100.0,100.0,100.0
2347,6,6,6,6,100.0,100.0,100.0
2348,6,6,6,6,100.0,100.0,100.0
2349,6,6,6,6,100.0,100.0,100.0
2350,6,6,6,6,100.0,100.0,100.0
2351,6,6,6,6,100.0,100.0,100.0
2352,6,6,6,6,100.0,100.0,100.0
2353,6,6,6,6,100.0,100.0,100.0
2354,6,6,6,6,100.0,100.0,100.0
2355,6,6,6,6,100.0,100.0,100.0
2356,6,6,6,6,100.0,100.0,100.0
2357,6,6,6,6,100.0,100.0,100.0
2358,6,6,6,6,100.0,100.0,100.0
2359,6,6,6,6,100.0,100.0,100.0
2360,6,6,6,6,100.0,100.0,100.0
2361,6,6,6,6,100.0,100.0,100.0
2362,6,6,6,6,100.0,100.0,100.0
2363,6,6,6,6,100.0,100.0,100.0
2364,6,6,6,6,100.0,100.0,100.0
2365,6,6,6,6,100.0,100.0,100.0
2366,6,6,6,6,100.0,100.0,100.0
2367,6,6,6,6,100.0,100.0,100.0
2368,6,6,6,6,100.0,100.0,100.0
2369,6,6,6,6,100.0,100.0,100.0
2370,6,6,6,6,100.0,100.0,100.0
2371,6,6,6,6,100.0,100.0,100.0
2372,6,6,6,6,100.0,100.0,100.0
2373,6,6,6,6,100.0,100.0,100.0
2374,6,6,6,6,100.0,100.0,100.0
2375,6,6,6,6,100.0,100.0,100.0
2376,6,6,6,6,100.0,100.0,100.0
2377,6,6,6,6,100.0,100.0,100.0
2378,6,6,6,6,100.0,100.0,100.0
2379,6,6,6,6,100.0,100.0,100.0
2380,6,6,6,6,100.0,100.0,100.0
2381,6,6,6,6,100.0,100.0,100.0
2382,6,6,6,6,100.0,100.0,100.0
2383,6,6,6,6,100.0,100.0,100.0
2384,6,6,6,6,100.0,100.0,100.0
2385,6,6,6,6,100.0,100.0,100.0
2386,6,6,6,6,100.0,100.0,100.0
2387,6,6,6,6,100.0,100.0,100.0
2388,6,6,6,6,100.0,100.0,100.0
2389,6,6,6,6,100.0,100.0,100.0
2390,6,6,6,6,100.0,100.0,100.0
2391,6,6,6,6,100.0,100.0,100.0
2392,6,6,6,6,100.0,100.0,100.0
2393,6,6,6,6,100.0,100.0,100.0
2394,6,6,6,6,100.0,100.0,100.0
2395,6,6,6,6,100.0,100.0,100.0
2396,6,6,6,6,100.0,100.0,100.0
2397,6,6,6,6,100.0,100.0,100.0
2398,6,6,6,6,100.0,100.0,100.0
2399,6,6,6,6,100.0,100.0,100.0
2400,6,6,6,6,100.0,100.0,100.0
2401,6,6,6,6,100.0,100.0,100.0
2402,6,6,6,6,100.0,100.0,100.0
2403,6,6,6,6,100.0,100.0,100.0
2404,6,6,6,6,100.0,100.0,100.0
2405,6,6,6,6,100.0,100.0,100.0
2406,6,6,6,6,100.0,100.0,100.0
2407,6,6,6,6,100.0,100.0,100.0
2408,6,6,6,6,100.0,100.0,100.0
2409,6,6,6,6,100.0,100.0,100.0
2410,6,6,6,6,100.0,100.0,100.0
2411,6,6,6,6,100.0,100.0,100.0
2412,6,6,6,6,100.0,100.0,100.0
2413,6,6,6,6,100.0,100.0,100.0
2414,6,6,6,6,100.0,100.0,100.0
2415,6,6,6,6,100.0,100.0,100.0
2416,6,6,6,6,100.0,100.0,100.0
2417,6,6,6,6,100.0,100.0,100.0
2418,6,6,6,6,100.0,100.0,100.0
2419,6,6,6,6,100.0,100.0,100.0
2420,6,6,6,6,100.0,100.0,100.0
2421,6,6,6,6,100.0,100.0,100.0
2422,6,6,6,6,100.0,100.0,100.0
2423,6,6,6,6,100.0,100.0,100.0
2424,6,6,6,6,100.0,100.0,100.0
2425,6,6,6,6,100.0,100.0,100.0
2426,6,6,6,6,100.0,100.0,100.0
2427,6,6,6,6,100.0,100.0,100.0
2428,6,6,6,6,100.0,100.0,100.0
2429,6,6,6,6,100.0,100.0,100.0
2430,6,6,6,6,100.0,100.0,100.0
2431,6,6,6,6,100.0,100.0,100.0
2432,6,6,6,6,100.0,100.0,100.0
2433,6,6,6,6,100.0,100.0,100.0
2434,6,6,6,6,100.0,100.0,100.0
2435,6,6,6,6,100.0,100.0,100.0
2436,6,6,6,6,100.0,100.0,100.0
2437,6,6,6,6,100.0,100.0,100.0
2438,6,6,6,6,100.0,100.0,100.0
2439,6,6,6,6,100.0,100.0,100.0
2440,6,6,6,6,100.0,100.0,100.0
2441,6,6,6,6,100.0,100.0,100.0
2442,6,6,6,6,100.0,100.0,100.0
2443,6,6,6,6,100.0,100.0,100.0
2444,6,6,6,6,100.0,100.0,100.0
2445,6,6,6,6,100.0,100.0,100.0
2446,6,6,6,6,100.0,100.0,100.0
2447,6,6,6,6,100.0,100.0,100.0
2448,6,6,6,6,100.0,100.0,100.0
2449,6,6,6,6,100.0,100.0,100.0
2450,6,6,6,6,100.0,100.0,100.0
2451,6,6,6,6,100.0,100.0,100.0
2452,6,6,6,6,100.0,100.0,100.0
2453,6,6,6,6,100.0,100.0,100.0
2454,6,6,6,6,100.0,100.0,100.0
2455,6,6,6,6,100.0,100.0,100.0
2456,6,6,6,6,100.0,100.0,100.0
2457,6,6,6,6,100.0,100.0,100.0
2458,6,6,6,6,100.0,100.0,100.0
2459,6,6,6,6,100.0,100.0,100.0
2460,6,6,6,6,100.0,100.0,100.0
2461,6,6,6,6,100.0,100.0,100.0
2462,6,6,6,6,100.0,100.0,100.0
2463,6,6,6,6,100.0,100.0,100.0
2464,6,6,6,6,100.0,100.0,100.0
2465,6,6,6,6,100.0,100.0,100.0
2466,6,6,6,6,100.0,100.0,100.0
2467,6,6,6,6,100.0,100.0,100.0
2468,6,6,6,6,100.0,100.0,100.0
2469,6,6,6,6,100.0,100.0,100.0
2470,6,6,6,6,100.0,100.0,100.0
2471,6,6,6,6,100.0,100.0,100.0
2472,6,6,6,6,100.0,100.0,100.0
2473,6,6,6,6,100.0,100.0,100.0
2474,6,6,6,6,100.0,100.0,100.0
2475,6,6,6,6,100.0,100.0,100.0
2476,6,6,6,6,100.0,100.0,100.0
2477,6,6,6,6,100.0,100.0,100.0
2478,6,6,6,6,100.0,100.0,100.0
2479,6,6,6,6,100.0,100.0,100.0
2480,6,6,6,6,100.0,100.0,100.0
2481,6,6,6,6,100.0,100.0,100.0
2482,6,6,6,6,100.0,100.0,100.0
2483,6,6,6,6,100.0,100.0,100.0
2484,6,6,6,6,100.0,100.0,100.0
2485,6,6,6,6,100.0,100.0,100.0
2486,6,6,6,6,100.0,100.0,100.0
2487,6,6,6,6,100.0,100.0,100.0
2488,6,6,6,6,100.0,100.0,100.0
2489,6,6,6,6,100.0,100.0,100.0
2490,6,6,6,6,100.0,100.0,100.0
2491,6,6,6,6,100.0,100.0,100.0
2492,6,6,6,6,100.0,100.0,100.0
2493,6,6,6,6,100.0,100.0,100.0
2494,6,6,6,6,100.0,100.0,100.0
2495,6,6,6,6,100.0,100.0,100.0
2496,6,6,6,6,100.0,100.0,100.0
2497,6,6,6,6,100.0,100.0,100.0
2498,6,6,6,6,100.0,100.0,100.0
2499,6,6,6,6,100.0,100.0,100.0
2500,6,6,6,6,100.0,100.0,100.0
2501,6,6,6,6,100.0,100.0,100.0
2502,6,6,6,6,100.0,100.0,100.0
2503,6,6,6,6,100.0,100.0,100.0
2504,6,6,6,6,100.0,100.0,100.0
2505,6,6,6,6,100.0,100.0,100.0
2506,6,6,6,6,100.0,100.0,100.0
2507,6,6,6,6,100.0,100.0,100.0
2508,6,6,6,6,100.0,100.0,100.0
2509,6,6,6,6,100.0,100.0,100.0
2510,6,6,6,6,100.0,100.0,100.0
2511,6,6,6,6,100.0,100.0,100.0
2512,6,6,6,6,100.0,100.0,100.0
2513,6,6,6,6,100.0,100.0,100.0
2514,6,6,6,6,100.0,100.0,100.0
2515,6,6,6,6,100.0,100.0,100.0
2516,6,6,6,6,100.0,100.0,100.0
2517,6,6,6,6,100.0,100.0,100.0
2518,6,6,6,6,100.0,100.0,100.0
2519,6,6,6,6,100.0,100.0,100.0
2520,6,6,6,6,100.0,100.0,100.0
2521,6,6,6,6,100.0,100.0,100.0
2522,6,6,6,6,100.0,100.0,100.0
2523,6,6,6,6,100.0,100.0,100.0
2524,6,6,6,6,100.0,100.0,100.0
2525,6,6,6,6,100.0,100.0,100.0
2526,6,6,6,6,100.0,100.0,100.0
2527,6,6,6,6,100.0,100.0,100.0
2528,6,6,6,6,100.0,100.0,100.0
2529,6,6,6,6,100.0,100.0,100.0
2530,6,6,6,6,100.0,100.0,100.0
2531,6,6,6,6,100.0,100.0,100.0
2532,6,6,6,6,100.0,100.0,100.0
2533,6,6,6,6,100.0,100.0,100.0
2534,6,6,6,6,100.0,100.0,100.0
2535,6,6,6,6,100.0,100.0,100.0
2536,6,6,6,6,100.0,100.0,100.0
2537,6,6,6,6,100.0,100.0,100.0
2538,6,6,6,6,100.0,100.0,100.0
2539,6,6,6,6,100.0,100.0,100.0
2540,6,6,6,6,100.0,100.0,100.0
2541,6,6,6,6,100.0,100.0,100.0
2542,6,6,6,6,100.0,100.0,100.0
2543,6,6,6,6,100.0,100.0,100.0
2544,6,6,6,6,100.0,100.0,100.0
2545,6,6,6,6,100.0,100.0,100.0
2546,6,6,6,6,100.0,100.0,100.0
2547,6,6,6,6,100.0,100.0,100.0
2548,6,6,6,6,100.0,100.0,100.0
2549,6,6,6,6,100.0,100.0,100.0
2550,6,6,6,6,100.0,100.0,100.0
2551,6,6,6,6,100.0,100.0,100.0
2552,6,6,6,6,100.0,100.0,100.0
2553,6,6,6,6,100.0,100.0,100.0
2554,6,6,6,6,100.0,100.0,100.0
2555,6,6,6,6,100.0,100.0,100.0
2556,6,6,6,6,100.0,100.0,100.0
2557,6,6,6,6,100.0,100.0,100.0
2558,6,6,6,6,100.0,100.0,100.0
2559,6,6,6,6,100.0,100.0,100.0
2560,6,6,6,6,100.0,100.0,100.0
2561,6,6,6,6,100.0,100.0,100.0
2562,6,6,6,6,100.0,100.0,100.0
2563,6,6,6,6,100.0,100.0,100.0
2564,6,6,6,6,100.0,100.0,100.0
2565,6,6,6,6,100.0,100.0,100.0
2566,6,6,6,6,100.0,100.0,100.0
2567,6,6,6,6,100.0,100.0,100.0
2568,6,6,6,6,100.0,100.0,100.0
2569,6,6,6,6,100.0,100.0,100.0
2570,6,6,6,6,100.0,100.0,100.0
2571,6,6,6,6,100.0,100.0,100.0
2572,6,6,6,6,100.0,100.0,100.0
2573,6,6,6,6,100.0,100.0,100.0
2574,6,6,6,6,100.0,100.0,100.0
2575,6,6,6,6,100.0,100.0,100.0
2576,6,6,6,6,100.0,100.0,100.0
2577,6,6,6,6,100.0,100.0,100.0
2578,6,6,6,6,100.0,100.0,100.0
2579,6,6,6,6,100.0,100.0,100.0
2580,6,6,6,6,100.0,100.0,100.0
2581,6,6,6,6,100.0,100.0,100.0
2582,6,6,6,6,100.0,100.0,100.0
2583,6,6,6,6,100.0,100.0,100.0
2584,6,6,6,6,100.0,100.0,100.0
2585,6,6,6,6,100.0,100.0,100.0
2586,6,6,6,6,100.0,100.0,100.0
2587,6,6,6,6,100.0,100.0,100.0
2588,6,6,6,6,100.0,100.0,100.0
2589,6,6,6,6,100.0,100.0,100.0
2590,6,6,6,6,100.0,100.0,100.0
2591,6,6,6,6,100.0,100.0,100.0
2592,6,6,6,6,100.0,100.0,100.0
2593,6,6,6,6,100.0,100.0,100.0
2594,6,6,6,6,100.0,100.0,100.0
2595,6,6,6,6,100.0,100.0,100.0
2596,6,6,6,6,100.0,100.0,100.0
2597,6,6,6,6,100.0,100.0,100.0
2598,6,6,6,6,100.0,100.0,100.0
2599,6,6,6,6,100.0,100.0,100.0
2600,6,6,6,6,100.0,100.0,100.0
2601,6,6,6,6,100.0,100.0,100.0
2602,6,6,6,6,100.0,100.0,100.0
2603,6,6,6,6,100.0,100.0,100.0
2604,6,6,6,6,100.0,100.0,100.0
2605,6,6,6,6,100.0,100.0,100.0
2606,6,6,6,6,100.0,100.0,100.0
2607,6,6,6,6,100.0,100.0,100.0
2608,6,6,6,6,100.0,100.0,100.0
2609,6,6,6,6,100.0,100.0,100.0
2610,6,6,6,6,100.0,100.0,100.0
2611,6,6,6,6,100.0,100.0,100.0
2612,6,6,6,6,100.0,100.0,100.0
2613,6,6,6,6,100.0,100.0,100.0
2614,6,6,6,6,100.0,100.0,100.0
2615,6,6,6,6,100.0,100.0,100.0
2616,6,6,6,6,100.0,100.0,100.0
2617,6,6,6,6,100.0,100.0,100.0
2618,6,6,6,6,100.0,100.0,100.0
2619,6,6,6,6,100.0,100.0,100.0
2620,6,6,6,6,100.0,100.0,100.0
2621,6,6,6,6,100.0,100.0,100.0
2622,6,6,6,6,100.0,100.0,100.0
2623,6,6,6,6,100.0,100.0,100.0
2624,6,6,6,6,100.0,100.0,100.0
2625,6,6,6,6,100.0,100.0,100.0
2626,6,6,6,6,100.0,100.0,100.0
2627,6,6,6,6,100.0,100.0,100.0
2628,6,6,6,6,100.0,100.0,100.0
2629,6,6,6,6,100.0,100.0,100.0
2630,6,6,6,6,100.0,100.0,100.0
2631,6,6,6,6,100.0,100.0,100.0
2632,6,6,6,6,100.0,100.0,100.0
2633,6,6,6,6,100.0,100.0,100.0
2634,6,6,6,6,100.0,100.0,100.0
2635,6,6,6,6,100.0,100.0,100.0
2636,6,6,6,6,100.0,100.0,100.0
2637,6,6,6,6,100.0,100.0,100.0
2638,6,6,6,6,100.0,100.0,100.0
2639,6,6,6,6,100.0,100.0,100.0
2640,6,6,6,6,100.0,100.0,100.0
2641,6,6,6,6,100.0,100.0,100.0
2642,6,6,6,6,100.0,100.0,100.0
2643,6,6,6,6,100.0,100.0,100.0
2644,6,6,6,6,100.0,100.0,100.0
2645,6,6,6,6,100.0,100.0,100.0
2646,6,6,6,6,100.0,100.0,100.0
2647,6,6,6,6,100.0,100.0,100.0
2648,6,6,6,6,100.0,100.0,100.0
2649,6,6,6,6,100.0,100.0,100.0
2650,6,6,6,6,100.0,100.0,100.0
2651,6,6,6,6,100.0,100.0,100.0
2652,6,6,6,6,100.0,100.0,100.0
2653,6,6,6,6,100.0,100.0,100.0
2654,6,6,6,6,100.0,100.0,100.0
2655,6,6,6,6,100.0,100.0,100.0
2656,6,6,6,6,100.0,100.0,100.0
2657,6,6,6,6,100.0,100.0,100.0
2658,6,6,6,6,100.0,100.0,100.0
2659,6,6,6,6,100.0,100.0,100.0
2660,6,6,6,6,100.0,100.0,100.0
2661,6,6,6,6,100.0,100.0,100.0
2662,6,6,6,6,100.0,100.0,100.0
2663,6,6,6,6,100.0,100.0,100.0
2664,6,6,6,6,100.0,100.0,100.0
2665,6,6,6,6,100.0,100.0,100.0
2666,6,6,6,6,100.0,100.0,100.0
2667,6,6,6,6,100.0,100.0,100.0
2668,6,6,6,6,100.0,100.0,100.0
2669,6,6,6,6,100.0,100.0,100.0
2670,6,6,6,6,100.0,100.0,100.0
2671,6,6,6,6,100.0,100.0,100.0
2672,6,6,6,6,100.0,100.0,100.0
2673,6,6,6,6,100.0,100.0,100.0
2674,6,6,6,6,100.0,100.0,100.0
2675,6,6,6,6,100.0,100.0,100.0
2676,6,6,6,6,100.0,100.0,100.0
2677,6,6,6,6,100.0,100.0,100.0
2678,6,6,6,6,100.0,100.0,100.0
2679,6,6,6,6,100.0,100.0,100.0
2680,6,6,6,6,100.0,100.0,100.0
2681,6,6,6,6,100.0,100.0,100.0
2682,6,6,6,6,100.0,100.0,100.0
2683,6,6,6,6,100.0,100.0,100.0
2684,6,6,6,6,100.0,100.0,100.0
2685,6,6,6,6,100.0,100.0,100.0
2686,6,6,6,6,100.0,100.0,100.0
2687,6,6,6,6,100.0,100.0,100.0
2688,6,6,6,6,100.0,100.0,100.0
2689,6,6,6,6,100.0,100.0,100.0
2690,6,6,6,6,100.0,100.0,100.0
2691,6,6,6,6,100.0,100.0,100.0
2692,6,6,6,6,100.0,100.0,100.0
2693,6,6,6,6,100.0,100.0,100.0
2694,6,6,6,6,100.0,100.0,100.0
2695,6,6,6,6,100.0,100.0,100.0
2696,6,6,6,6,100.0,100.0,100.0
2697,6,6,6,6,100.0,100.0,100.0
2698,6,6,6,6,100.0,100.0,100.0
2699,6,6,6,6,100.0,100.0,100.0
2700,6,6,6,6,100.0,100.0,100.0
2701,6,6,6,6,100.0,100.0,100.0
2702,6,6,6,6,100.0,100.0,100.0
2703,6,6,6,6,100.0,100.0,100.0
2704,6,6,6,6,100.0,100.0,100.0
2705,6,6,6,6,100.0,100.0,100.0
2706,6,6,6,6,100.0,100.0,100.0
2707,6,6,6,6,100.0,100.0,100.0
2708,6,6,6,6,100.0,100.0,100.0
2709,6,6,6,6,100.0,100.0,100.0
2710,6,6,6,6,100.0,100.0,100.0
2711,6,6,6,6,100.0,100.0,100.0
2712,6,6,6,6,100.0,100.0,100.0
2713,6,6,6,6,100.0,100.0,100.0
2714,6,6,6,6,100.0,100.0,100.0
2715,6,6,6,6,100.0,100.0,100.0
2716,6,6,6,6,100.0,100.0,100.0
2717,6,6,6,6,100.0,100.0,100.0
2718,6,6,6,6,100.0,100.0,100.0
2719,6,6,6,6,100.0,100.0,100.0
2720,6,6,6,6,100.0,100.0,100.0
2721,6,6,6,6,100.0,100.0,100.0
2722,6,6,6,6,100.0,100.0,100.0
2723,6,6,6,6,100.0,100.0,100.0
2724,6,6,6,6,100.0,100.0,100.0
2725,6,6,6,6,100.0,100.0,100.0
2726,6,6,6,6,100.0,100.0,100.0
2727,6,6,6,6,100.0,100.0,100.0
2728,6,6,6,6,100.0,100.0,100.0
2729,6,6,6,6,100.0,100.0,100.0
2730,6,6,6,6,100.0,100.0,100.0
2731,6,6,6,6,100.0,100.0,100.0
2732,6,6,6,6,100.0,100.0,100.0
2733,6,6,6,6,100.0,100.0,100.0
2734,6,6,6,6,100.0,100.0,100.0
2735,6,6,6,6,100.0,100.0,100.0
2736,6,6,6,6,100.0,100.0,100.0
2737,6,6,6,6,100.0,100.0,100.0
2738,6,6,6,6,100.0,100.0,100.0
2739,6,6,6,6,100.0,100.0,100.0
2740,6,6,6,6,100.0,100.0,100.0
2741,6,6,6,6,100.0,100.0,100.0
2742,6,6,6,6,100.0,100.0,100.0
2743,6,6,6,6,100.0,100.0,100.0
2744,6,6,6,6,100.0,100.0,100.0
2745,6,6,6,6,100.0,100.0,100.0
2746,6,6,6,6,100.0,100.0,100.0
2747,6,6,6,6,100.0,100.0,100.0
2748,6,6,6,6,100.0,100.0,100.0
2749,6,6,6,6,100.0,100.0,100.0
2750,6,6,6,6,100.0,100.0,100.0
2751,6,6,6,6,100.0,100.0,100.0
2752,6,6,6,6,100.0,100.0,100.0
2753,6,6,6,6,100.0,100.0,100.0
2754,6,6,6,6,100.0,100.0,100.0
2755,6,6,6,6,100.0,100.0,100.0
2756,6,6,6,6,100.0,100.0,100.0
2757,6,6,6,6,100.0,100.0,100.0
2758,6,6,6,6,100.0,100.0,100.0
2759,6,6,6,6,100.0,100.0,100.0
2760,6,6,6,6,100.0,100.0,100.0
2761,6,6,6,6,100.0,100.0,100.0
2762,6,6,6,6,100.0,100.0,100.0
2763,6,6,6,6,100.0,100.0,100.0
2764,6,6,6,6,100.0,100.0,100.0
2765,6,6,6,6,100.0,100.0,100.0
2766,6,6,6,6,100.0,100.0,100.0
2767,6,6,6,6,100.0,100.0,100.0
2768,6,6,6,6,100.0,100.0,100.0
2769,6,6,6,6,100.0,100.0,100.0
2770,6,6,6,6,100.0,100.0,100.0
2771,6,6,6,6,100.0,100.0,100.0
2772,6,6,6,6,100.0,100.0,100.0
2773,6,6,6,6,100.0,100.0,100.0
2774,6,6,6,6,100.0,100.0,100.0
2775,6,6,6,6,100.0,100.0,100.0
2776,6,6,6,6,100.0,100.0,100.0
2777,6,6,6,6,100.0,100.0,100.0
2778,6,6,6,6,100.0,100.0,100.0
2779,6,6,6,6,100.0,100.0,100.0
2780,6,6,6,6,100.0,100.0,100.0
2781,6,6,6,6,100.0,100.0,100.0
2782,6,6,6,6,100.0,100.0,100.0
2783,6,6,6,6,100.0,100.0,100.0
2784,6,6,6,6,100.0,100.0,100.0
2785,6,6,6,6,100.0,100.0,100.0
2786,6,6,6,6,100.0,100.0,100.0
2787,6,6,6,6,100.0,100.0,100.0
2788,6,6,6,6,100.0,100.0,100.0
2789,6,6,6,6,100.0,100.0,100.0
2790,6,6,6,6,100.0,100.0,100.0
2791,6,6,6,6,100.0,100.0,100.0
2792,6,6,6,6,100.0,100.0,100.0
2793,6,6,6,6,100.0,100.0,100.0
2794,6,6,6,6,100.0,100.0,100.0
2795,6,6,6,6,100.0,100.0,100.0
2796,6,6,6,6,100.0,100.0,100.0
2797,6,6,6,6,100.0,100.0,100.0
2798,6,6,6,6,100.0,100.0,100.0
2799,6,6,6,6,100.0,100.0,100.0
2800,6,6,6,6,100.0,100.0,100.0
2801,6,6,6,6,100.0,100.0,100.0
2802,6,6,6,6,100.0,100.0,100.0
2803,6,6,6,6,100.0,100.0,100.0
2804,6,6,6,6,100.0,100.0,100.0
2805,6,6,6,6,100.0,100.0,100.0
2806,6,6,6,6,100.0,100.0,100.0
2807,6,6,6,6,100.0,100.0,100.0
2808,6,6,6,6,100.0,100.0,100.0
2809,6,6,6,6,100.0,100.0,100.0
2810,6,6,6,6,100.0,100.0,100.0
2811,6,6,6,6,100.0,100.0,100.0
2812,6,6,6,6,100.0,100.0,100.0
2813,6,6,6,6,100.0,100.0,100.0
2814,6,6,6,6,100.0,100.0,100.0
2815,6,6,6,6,100.0,100.0,100.0
2816,6,6,6,6,100.0,100.0,100.0
2817,6,6,6,6,100.0,100.0,100.0
2818,6,6,6,6,100.0,100.0,100.0
2819,6,6,6,6,100.0,100.0,100.0
2820,6,6,6,6,100.0,100.0,100.0
2821,6,6,6,6,100.0,100.0,100.0
2822,6,6,6,6,100.0,100.0,100.0
2823,6,6,6,6,100.0,100.0,100.0
2824,6,6,6,6,100.0,100.0,100.0
2825,6,6,6,6,100.0,100.0,100.0
2826,6,6,6,6,100.0,100.0,100.0
2827,6,6,6,6,100.0,100.0,100.0
2828,6,6,6,6,100.0,100.0,100.0
2829,6,6,6,6,100.0,100.0,100.0
2830,6,6,6,6,100.0,100.0,100.0
2831,6,6,6,6,100.0,100.0,100.0
2832,6,6,6,6,100.0,100.0,100.0
2833,6,6,6,6,100.0,100.0,100.0
2834,6,6,6,6,100.0,100.0,100.0
2835,6,6,6,6,100.0,100.0,100.0
2836,6,6,6,6,100.0,100.0,100.0
2837,6,6,6,6,100.0,100.0,100.0
2838,6,6,6,6,100.0,100.0,100.0
2839,6,6,6,6,100.0,100.0,100.0
2840,6,6,6,6,100.0,100.0,100.0
2841,6,6,6,6,100.0,100.0,100.0
2842,6,6,6,6,100.0,100.0,100.0
2843,6,6,6,6,100.0,100.0,100.0
2844,6,6,6,6,100.0,100.0,100.0
2845,6,6,6,6,100.0,100.0,100.0
2846,6,6,6,6,100.0,100.0,100.0
2847,6,6,6,6,100.0,100.0,100.0
2848,6,6,6,6,100.0,100.0,100.0
2849,6,6,6,6,100.0,100.0,100.0
2850,6,6,6,6,100.0,100.0,100.0
2851,6,6,6,6,100.0,100.0,100.0
2852,6,6,6,6,100.0,100.0,100.0
2853,6,6,6,6,100.0,100.0,100.0
2854,6,6,6,6,100.0,100.0,100.0
2855,6,6,6,6,100.0,100.0,100.0
2856,6,6,6,6,100.0,100.0,100.0
2857,6,6,6,6,100.0,100.0,100.0
2858,6,6,6,6,100.0,100.0,100.0
2859,6,6,6,6,100.0,100.0,100.0
2860,6,6,6,6,100.0,100.0,100.0
2861,6,6,6,6,100.0,100.0,100.0
2862,6,6,6,6,100.0,100.0,100.0
2863,6,6,6,6,100.0,100.0,100.0
2864,6,6,6,6,100.0,100.0,100.0
2865,6,6,6,6,100.0,100.0,100.0
2866,6,6,6,6,100.0,100.0,100.0
2867,6,6,6,6,100.0,100.0,100.0
2868,6,6,6,6,100.0,100.0,100.0
2869,6,6,6,6,100.0,100.0,100.0
2870,6,6,6,6,100.0,100.0,100.0
2871,6,6,6,6,100.0,100.0,100.0
2872,6,6,6,6,100.0,100.0,100.0
2873,6,6,6,6,100.0,100.0,100.0
2874,6,6,6,6,100.0,100.0,100.0
2875,6,6,6,6,100.0,100.0,100.0
2876,6,6,6,6,100.0,100.0,100.0
2877,6,6,6,6,100.0,100.0,100.0
2878,6,6,6,6,100.0,100.0,100.0
2879,6,6,6,6,100.0,100.0,100.0
2880,6,6,6,6,100.0,100.0,100.0
2881,6,6,6,6,100.0,100.0,100.0
2882,6,6,6,6,100.0,100.0,100.0
2883,6,6,6,6,100.0,100.0,100.0
2884,6,6,6,6,100.0,100.0,100.0
2885,6,6,6,6,100.0,100.0,100.0
2886,6,6,6,6,100.0,100.0,100.0
2887,6,6,6,6,100.0,100.0,100.0
2888,6,6,6,6,100.0,100.0,100.0
2889,6,6,6,6,100.0,100.0,100.0
2890,6,6,6,6,100.0,100.0,100.0
2891,6,6,6,6,100.0,100.0,100.0
2892,6,6,6,6,100.0,100.0,100.0
2893,6,6,6,6,100.0,100.0,100.0
2894,6,6,6,6,100.0,100.0,100.0
2895,6,6,6,6,100.0,100.0,100.0
2896,6,6,6,6,100.0,100.0,100.0
2897,6,6,6,6,100.0,100.0,100.0
2898,6,6,6,6,100.0,100.0,100.0
2899,6,6,6,6,100.0,100.0,100.0
2900,6,6,6,6,100.0,100.0,100.0
2901,6,6,6,6,100.0,100.0,100.0
2902,6,6,6,6,100.0,100.0,100.0
2903,6,6,6,6,100.0,100.0,100.0
2904,6,6,6,6,100.0,100.0,100.0
2905,6,6,6,6,100.0,100.0,100.0
2906,6,6,6,6,100.0,100.0,100.0
2907,6,6,6,6,100.0,100.0,100.0
2908,6,6,6,6,100.0,100.0,100.0
2909,6,6,6,6,100.0,100.0,100.0
2910,6,6,6,6,100.0,100.0,100.0
2911,6,6,6,6,100.0,100.0,100.0
2912,6,6,6,6,100.0,100.0,100.0
2913,6,6,6,6,100.0,100.0,100.0
2914,6,6,6,6,100.0,100.0,100.0
2915,6,6,6,6,100.0,100.0,100.0
2916,6,6,6,6,100.0,100.0,100.0
2917,6,6,6,6,100.0,100.0,100.0
2918,6,6,6,6,100.0,100.0,100.0
2919,6,6,6,6,100.0,100.0,100.0
2920,6,6,6,6,100.0,100.0,100.0
2921,6,6,6,6,100.0,100.0,100.0
2922,6,6,6,6,100.0,100.0,100.0
2923,6,6,6,6,100.0,100.0,100.0
2924,6,6,6,6,100.0,100.0,100.0
2925,6,6,6,6,100.0,100.0,100.0
2926,6,6,6,6,100.0,100.0,100.0
2927,6,6,6,6,100.0,100.0,100.0
2928,6,6,6,6,100.0,100.0,100.0
2929,6,6,6,6,100.0,100.0,100.0
2930,6,6,6,6,100.0,100.0,100.0
2931,6,6,6,6,100.0,100.0,100.0
2932,6,6,6,6,100.0,100.0,100.0
2933,6,6,6,6,100.0,100.0,100.0
2934,6,6,6,6,100.0,100.0,100.0
2935,6,6,6,6,100.0,100.0,100.0
2936,6,6,6,6,100.0,100.0,100.0
2937,6,6,6,6,100.0,100.0,100.0
2938,6,6,6,6,100.0,100.0,100.0
2939,6,6,6,6,100.0,100.0,100.0
2940,6,6,6,6,100.0,100.0,100.0
2941,6,6,6,6,100.0,100.0,100.0
2942,6,6,6,6,100.0,100.0,100.0
2943,6,6,6,6,100.0,100.0,100.0
2944,6,6,6,6,100.0,100.0,100.0
2945,6,6,6,6,100.0,100.0,100.0
2946,6,6,6,6,100.0,100.0,100.0
2947,6,6,6,6,100.0,100.0,100.0
2948,6,6,6,6,100.0,100.0,100.0
2949,6,6,6,6,100.0,100.0,100.0
2950,6,6,6,6,100.0,100.0,100.0
2951,6,6,6,6,100.0,100.0,100.0
2952,6,6,6,6,100.0,100.0,100.0
2953,6,6,6,6,100.0,100.0,100.0
2954,6,6,6,6,100.0,100.0,100.0
2955,6,6,6,6,100.0,100.0,100.0
2956,6,6,6,6,100.0,100.0,100.0
2957,6,6,6,6,100.0,100.0,100.0
2958,6,6,6,6,100.0,100.0,100.0
2959,6,6,6,6,100.0,100.0,100.0
2960,6,6,6,6,100.0,100.0,100.0
2961,6,6,6,6,100.0,100.0,100.0
2962,6,6,6,6,100.0,100.0,100.0
2963,6,6,6,6,100.0,100.0,100.0
2964,6,6,6,6,100.0,100.0,100.0
2965,6,6,6,6,100.0,100.0,100.0
2966,6,6,6,6,100.0,100.0,100.0
2967,6,6,6,6,100.0,100.0,100.0
2968,6,6,6,6,100.0,100.0,100.0
2969,6,6,6,6,100.0,100.0,100.0
2970,6,6,6,6,100.0,100.0,100.0
2971,6,6,6,6,100.0,100.0,100.0
2972,6,6,6,6,100.0,100.0,100.0
2973,6,6,6,6,100.0,100.0,100.0
2974,6,6,6,6,100.0,100.0,100.0
2975,6,6,6,6,100.0,100.0,100.0
2976,6,6,6,6,100.0,100.0,100.0
2977,6,6,6,6,100.0,100.0,100.0
2978,6,6,6,6,100.0,100.0,100.0
2979,6,6,6,6,100.0,100.0,100.0
2980,6,6,6,6,100.0,100.0,100.0
2981,6,6,6,6,100.0,100.0,100.0
2982,6,6,6,6,100.0,100.0,100.0
2983,6,6,6,6,100.0,100.0,100.0
2984,6,6,6,6,100.0,100.0,100.0
2985,6,6,6,6,100.0,100.0,100.0
2986,6,6,6,6,100.0,100.0,100.0
2987,6,6,6,6,100.0,100.0,100.0
2988,6,6,6,6,100.0,100.0,100.0
2989,6,6,6,6,100.0,100.0,100.0
2990,6,6,6,6,100.0,100.0,100.0
2991,6,6,6,6,100.0,100.0,100.0
2992,6,6,6,6,100.0,100.0,100.0
2993,6,6,6,6,100.0,100.0,100.0
2994,6,6,6,6,100.0,100.0,100.0
2995,6,6,6,6,100.0,100.0,100.0
2996,6,6,6,6,100.0,100.0,100.0
2997,6,6,6,6,100.0,100.0,100.0
2998,6,6,6,6,100.0,100.0,100.0
2999,6,6,6,6,100.0,100.0,100.0
3000,6,6,6,6,100.0,100.0,100.0
3001,6,6,6,6,100.0,100.0,100.0
3002,6,6,6,6,100.0,100.0,100.0
3003,6,6,6,6,100.0,100.0,100.0
3004,6,6,6,6,100.0,100.0,100.0
3005,6,6,6,6,100.0,100.0,100.0
